<?xml version='1.0' encoding='UTF-8' standalone='yes' ?>
<gpx xmlns="http://www.topografix.com/GPX/1/1" xmlns:geotracker="http://ilyabogdanovich.com/gpx/extensions/geotracker" xmlns:xsi="http://www.w3.org/2001/XMLSchema-instance" xsi:schemaLocation="http://www.topografix.com/GPX/1/1 http://www.topografix.com/GPX/1/1/gpx.xsd" version="1.1" creator="Recorded in Geo Tracker for Android from Ilya Bogdanovich">
  <metadata>
    <name>Feb 12, 2025 5:39:12 PM</name>
    <author>
      <name>Recorded in Geo Tracker for Android from Ilya Bogdanovich</name>
      <link href="https://play.google.com/store/apps/details?id=com.ilyabogdanovich.geotracker" />
    </author>
    <link href="https://play.google.com/store/apps/details?id=com.ilyabogdanovich.geotracker" />
    <time>2025-02-12T12:09:12Z</time>
  </metadata>
  <trk>
    <name>Feb 12, 2025 5:39:12 PM</name>
    <src>Recorded in Geo Tracker for Android from Ilya Bogdanovich</src>
    <link href="https://play.google.com/store/apps/details?id=com.ilyabogdanovich.geotracker" />
    <extensions>
      <geotracker:meta>
        <geotracker:length>29148.21</geotracker:length>
        <geotracker:duration>2001737</geotracker:duration>
        <geotracker:creationtime>2025-02-12T12:09:12Z</geotracker:creationtime>
        <geotracker:activity>0</geotracker:activity>
      </geotracker:meta>
    </extensions>
    <trkseg>
      <trkpt lat="30.49966676" lon="76.61559568">
        <ele>215.79</ele>
        <time>2025-02-12T12:09:19Z</time>
        <extensions>
          <geotracker:meta c="4.25" s="18.37" />
        </extensions>
      </trkpt>
      <trkpt lat="30.4995905" lon="76.61541961">
        <ele>216.06</ele>
        <time>2025-02-12T12:09:20Z</time>
        <extensions>
          <geotracker:meta c="4.24" s="18.84" />
        </extensions>
      </trkpt>
      <trkpt lat="30.49951425" lon="76.61524277">
        <ele>216.33</ele>
        <time>2025-02-12T12:09:21Z</time>
        <extensions>
          <geotracker:meta c="4.24" s="19.13" />
        </extensions>
      </trkpt>
      <trkpt lat="30.49943824" lon="76.61506089">
        <ele>216.46</ele>
        <time>2025-02-12T12:09:22Z</time>
        <extensions>
          <geotracker:meta c="4.25" s="19.39" />
        </extensions>
      </trkpt>
      <trkpt lat="30.49936416" lon="76.61488134">
        <ele>216.58</ele>
        <time>2025-02-12T12:09:23Z</time>
        <extensions>
          <geotracker:meta c="4.25" s="19.53" />
        </extensions>
      </trkpt>
      <trkpt lat="30.4992864" lon="76.61469711">
        <ele>216.76</ele>
        <time>2025-02-12T12:09:24Z</time>
        <extensions>
          <geotracker:meta c="4.25" s="19.67" />
        </extensions>
      </trkpt>
      <trkpt lat="30.49920775" lon="76.61451236">
        <ele>217.25</ele>
        <time>2025-02-12T12:09:25Z</time>
        <extensions>
          <geotracker:meta c="4.25" s="19.76" />
        </extensions>
      </trkpt>
      <trkpt lat="30.49913094" lon="76.61432997">
        <ele>217.44</ele>
        <time>2025-02-12T12:09:26Z</time>
        <extensions>
          <geotracker:meta c="4.24" s="19.49" />
        </extensions>
      </trkpt>
      <trkpt lat="30.49905192" lon="76.61414858">
        <ele>217.36</ele>
        <time>2025-02-12T12:09:27Z</time>
        <extensions>
          <geotracker:meta c="4.25" s="19.58" />
        </extensions>
      </trkpt>
      <trkpt lat="30.49897247" lon="76.6139636">
        <ele>217.67</ele>
        <time>2025-02-12T12:09:28Z</time>
        <extensions>
          <geotracker:meta c="4.25" s="19.9" />
        </extensions>
      </trkpt>
      <trkpt lat="30.49889251" lon="76.6137784">
        <ele>217.87</ele>
        <time>2025-02-12T12:09:29Z</time>
        <extensions>
          <geotracker:meta c="4.24" s="19.89" />
        </extensions>
      </trkpt>
      <trkpt lat="30.4988136" lon="76.61359809">
        <ele>218.22</ele>
        <time>2025-02-12T12:09:30Z</time>
        <extensions>
          <geotracker:meta c="4.24" s="19.23" />
        </extensions>
      </trkpt>
      <trkpt lat="30.4987362" lon="76.61342174">
        <ele>218.24</ele>
        <time>2025-02-12T12:09:31Z</time>
        <extensions>
          <geotracker:meta c="4.25" s="18.74" />
        </extensions>
      </trkpt>
      <trkpt lat="30.49865937" lon="76.61324319">
        <ele>218.45</ele>
        <time>2025-02-12T12:09:32Z</time>
        <extensions>
          <geotracker:meta c="4.25" s="19" />
        </extensions>
      </trkpt>
      <trkpt lat="30.49858257" lon="76.61306426">
        <ele>218.54</ele>
        <time>2025-02-12T12:09:33Z</time>
        <extensions>
          <geotracker:meta c="4.25" s="19.18" />
        </extensions>
      </trkpt>
      <trkpt lat="30.49850644" lon="76.61288514">
        <ele>218.65</ele>
        <time>2025-02-12T12:09:34Z</time>
        <extensions>
          <geotracker:meta c="4.25" s="19.25" />
        </extensions>
      </trkpt>
      <trkpt lat="30.49842885" lon="76.61271009">
        <ele>218.67</ele>
        <time>2025-02-12T12:09:35Z</time>
        <extensions>
          <geotracker:meta c="4.24" s="18.77" />
        </extensions>
      </trkpt>
      <trkpt lat="30.49835604" lon="76.6125452">
        <ele>218.74</ele>
        <time>2025-02-12T12:09:36Z</time>
        <extensions>
          <geotracker:meta c="4.24" s="17.86" />
        </extensions>
      </trkpt>
      <trkpt lat="30.49828334" lon="76.61238086">
        <ele>219.02</ele>
        <time>2025-02-12T12:09:37Z</time>
        <extensions>
          <geotracker:meta c="4.24" s="17.57" />
        </extensions>
      </trkpt>
      <trkpt lat="30.49821435" lon="76.61222441">
        <ele>219.15</ele>
        <time>2025-02-12T12:09:38Z</time>
        <extensions>
          <geotracker:meta c="4.24" s="16.91" />
        </extensions>
      </trkpt>
      <trkpt lat="30.4981423" lon="76.61207011">
        <ele>219.25</ele>
        <time>2025-02-12T12:09:39Z</time>
        <extensions>
          <geotracker:meta c="4.22" s="16.79" />
        </extensions>
      </trkpt>
      <trkpt lat="30.49806923" lon="76.61191281">
        <ele>219.19</ele>
        <time>2025-02-12T12:09:40Z</time>
        <extensions>
          <geotracker:meta c="4.21" s="17.24" />
        </extensions>
      </trkpt>
      <trkpt lat="30.4979936" lon="76.61175012">
        <ele>219.26</ele>
        <time>2025-02-12T12:09:41Z</time>
        <extensions>
          <geotracker:meta c="4.22" s="17.75" />
        </extensions>
      </trkpt>
      <trkpt lat="30.49791762" lon="76.61158144">
        <ele>219.3</ele>
        <time>2025-02-12T12:09:42Z</time>
        <extensions>
          <geotracker:meta c="4.23" s="18.21" />
        </extensions>
      </trkpt>
      <trkpt lat="30.49784276" lon="76.61140154">
        <ele>219.26</ele>
        <time>2025-02-12T12:09:43Z</time>
        <extensions>
          <geotracker:meta c="4.25" s="18.64" />
        </extensions>
      </trkpt>
      <trkpt lat="30.49776822" lon="76.61122373">
        <ele>219.46</ele>
        <time>2025-02-12T12:09:44Z</time>
        <extensions>
          <geotracker:meta c="4.26" s="19.04" />
        </extensions>
      </trkpt>
      <trkpt lat="30.49769281" lon="76.61103959">
        <ele>219.54</ele>
        <time>2025-02-12T12:09:45Z</time>
        <extensions>
          <geotracker:meta c="4.3" s="19.46" />
        </extensions>
      </trkpt>
      <trkpt lat="30.4976185" lon="76.61085213">
        <ele>219.6</ele>
        <time>2025-02-12T12:09:46Z</time>
        <extensions>
          <geotracker:meta c="4.29" s="19.76" />
        </extensions>
      </trkpt>
      <trkpt lat="30.49754416" lon="76.61066544">
        <ele>219.41</ele>
        <time>2025-02-12T12:09:47Z</time>
        <extensions>
          <geotracker:meta c="4.28" s="19.42" />
        </extensions>
      </trkpt>
      <trkpt lat="30.49747103" lon="76.61049395">
        <ele>219.74</ele>
        <time>2025-02-12T12:09:48Z</time>
        <extensions>
          <geotracker:meta c="4.25" s="18.05" />
        </extensions>
      </trkpt>
      <trkpt lat="30.49739333" lon="76.61031923">
        <ele>220</ele>
        <time>2025-02-12T12:09:49Z</time>
        <extensions>
          <geotracker:meta c="4.24" s="18.56" />
        </extensions>
      </trkpt>
      <trkpt lat="30.49731688" lon="76.61014308">
        <ele>219.98</ele>
        <time>2025-02-12T12:09:50Z</time>
        <extensions>
          <geotracker:meta c="4.25" s="18.74" />
        </extensions>
      </trkpt>
      <trkpt lat="30.49724396" lon="76.60997769">
        <ele>219.96</ele>
        <time>2025-02-12T12:09:51Z</time>
        <extensions>
          <geotracker:meta c="4.25" s="17.83" />
        </extensions>
      </trkpt>
      <trkpt lat="30.49717682" lon="76.6098186">
        <ele>220.14</ele>
        <time>2025-02-12T12:09:52Z</time>
        <extensions>
          <geotracker:meta c="4.24" s="16.79" />
        </extensions>
      </trkpt>
      <trkpt lat="30.49710716" lon="76.60966457">
        <ele>220.29</ele>
        <time>2025-02-12T12:09:53Z</time>
        <extensions>
          <geotracker:meta c="4.24" s="16.63" />
        </extensions>
      </trkpt>
      <trkpt lat="30.49703866" lon="76.60950873">
        <ele>220.17</ele>
        <time>2025-02-12T12:09:54Z</time>
        <extensions>
          <geotracker:meta c="4.26" s="16.83" />
        </extensions>
      </trkpt>
      <trkpt lat="30.49696822" lon="76.60934449">
        <ele>220.35</ele>
        <time>2025-02-12T12:09:55Z</time>
        <extensions>
          <geotracker:meta c="4.26" s="17.35" />
        </extensions>
      </trkpt>
      <trkpt lat="30.49689409" lon="76.60917834">
        <ele>220.12</ele>
        <time>2025-02-12T12:09:56Z</time>
        <extensions>
          <geotracker:meta c="4.26" s="17.74" />
        </extensions>
      </trkpt>
      <trkpt lat="30.49682323" lon="76.6090153">
        <ele>220.03</ele>
        <time>2025-02-12T12:09:57Z</time>
        <extensions>
          <geotracker:meta c="4.25" s="17.42" />
        </extensions>
      </trkpt>
      <trkpt lat="30.49675239" lon="76.60885575">
        <ele>220.17</ele>
        <time>2025-02-12T12:09:58Z</time>
        <extensions>
          <geotracker:meta c="4.25" s="16.91" />
        </extensions>
      </trkpt>
      <trkpt lat="30.49669159" lon="76.60871277">
        <ele>220.18</ele>
        <time>2025-02-12T12:09:59Z</time>
        <extensions>
          <geotracker:meta c="4.24" s="15.33" />
        </extensions>
      </trkpt>
      <trkpt lat="30.49664039" lon="76.60859001">
        <ele>220.17</ele>
        <time>2025-02-12T12:10:00Z</time>
        <extensions>
          <geotracker:meta c="4.25" s="13.26" />
        </extensions>
      </trkpt>
      <trkpt lat="30.49659426" lon="76.60848025">
        <ele>220.1</ele>
        <time>2025-02-12T12:10:01Z</time>
        <extensions>
          <geotracker:meta c="4.25" s="11.87" />
        </extensions>
      </trkpt>
      <trkpt lat="30.49654787" lon="76.60837931">
        <ele>220.51</ele>
        <time>2025-02-12T12:10:02Z</time>
        <extensions>
          <geotracker:meta c="4.26" s="11.06" />
        </extensions>
      </trkpt>
      <trkpt lat="30.4964711" lon="76.60819708">
        <ele>220.56</ele>
        <time>2025-02-12T12:10:04Z</time>
        <extensions>
          <geotracker:meta c="4.26" s="9.37" />
        </extensions>
      </trkpt>
      <trkpt lat="30.49641214" lon="76.60806208">
        <ele>220.52</ele>
        <time>2025-02-12T12:10:06Z</time>
        <extensions>
          <geotracker:meta c="4.22" s="6.21" />
        </extensions>
      </trkpt>
      <trkpt lat="30.49635592" lon="76.60793018">
        <ele>220.16</ele>
        <time>2025-02-12T12:10:09Z</time>
        <extensions>
          <geotracker:meta c="4.24" s="4.62" />
        </extensions>
      </trkpt>
      <trkpt lat="30.49631544" lon="76.60783529">
        <ele>220.45</ele>
        <time>2025-02-12T12:10:13Z</time>
        <extensions>
          <geotracker:meta c="4.24" s="1.27" />
        </extensions>
      </trkpt>
      <trkpt lat="30.49626235" lon="76.60770952">
        <ele>220.25</ele>
        <time>2025-02-12T12:10:18Z</time>
        <extensions>
          <geotracker:meta c="4.27" s="4.01" />
        </extensions>
      </trkpt>
      <trkpt lat="30.49621185" lon="76.60759286">
        <ele>220.2</ele>
        <time>2025-02-12T12:10:21Z</time>
        <extensions>
          <geotracker:meta c="4.2" s="4.24" />
        </extensions>
      </trkpt>
      <trkpt lat="30.49616033" lon="76.60748233">
        <ele>220.26</ele>
        <time>2025-02-12T12:10:23Z</time>
        <extensions>
          <geotracker:meta c="4.2" s="6.67" />
        </extensions>
      </trkpt>
      <trkpt lat="30.49608309" lon="76.60731775">
        <ele>220.4</ele>
        <time>2025-02-12T12:10:25Z</time>
        <extensions>
          <geotracker:meta c="4.24" s="9.55" />
        </extensions>
      </trkpt>
      <trkpt lat="30.49603996" lon="76.60722344">
        <ele>220.4</ele>
        <time>2025-02-12T12:10:26Z</time>
        <extensions>
          <geotracker:meta c="4.23" s="9.93" />
        </extensions>
      </trkpt>
      <trkpt lat="30.49599575" lon="76.60712441">
        <ele>220.49</ele>
        <time>2025-02-12T12:10:27Z</time>
        <extensions>
          <geotracker:meta c="4.22" s="10.61" />
        </extensions>
      </trkpt>
      <trkpt lat="30.49594974" lon="76.60701771">
        <ele>220.43</ele>
        <time>2025-02-12T12:10:28Z</time>
        <extensions>
          <geotracker:meta c="4.22" s="11.22" />
        </extensions>
      </trkpt>
      <trkpt lat="30.49589856" lon="76.60690864">
        <ele>220.21</ele>
        <time>2025-02-12T12:10:29Z</time>
        <extensions>
          <geotracker:meta c="4.2" s="11.82" />
        </extensions>
      </trkpt>
      <trkpt lat="30.49584647" lon="76.60679512">
        <ele>220.15</ele>
        <time>2025-02-12T12:10:30Z</time>
        <extensions>
          <geotracker:meta c="4.22" s="12.42" />
        </extensions>
      </trkpt>
      <trkpt lat="30.49579485" lon="76.60667597">
        <ele>219.98</ele>
        <time>2025-02-12T12:10:31Z</time>
        <extensions>
          <geotracker:meta c="4.22" s="12.94" />
        </extensions>
      </trkpt>
      <trkpt lat="30.49573915" lon="76.60655519">
        <ele>219.89</ele>
        <time>2025-02-12T12:10:32Z</time>
        <extensions>
          <geotracker:meta c="4.21" s="13.36" />
        </extensions>
      </trkpt>
      <trkpt lat="30.49567767" lon="76.60642966">
        <ele>220.02</ele>
        <time>2025-02-12T12:10:33Z</time>
        <extensions>
          <geotracker:meta c="4.21" s="13.93" />
        </extensions>
      </trkpt>
      <trkpt lat="30.49561166" lon="76.60629049">
        <ele>220.06</ele>
        <time>2025-02-12T12:10:34Z</time>
        <extensions>
          <geotracker:meta c="4.2" s="14.93" />
        </extensions>
      </trkpt>
      <trkpt lat="30.4955428" lon="76.60614705">
        <ele>219.92</ele>
        <time>2025-02-12T12:10:35Z</time>
        <extensions>
          <geotracker:meta c="4.21" s="15.76" />
        </extensions>
      </trkpt>
      <trkpt lat="30.49547393" lon="76.60599773">
        <ele>219.72</ele>
        <time>2025-02-12T12:10:36Z</time>
        <extensions>
          <geotracker:meta c="4.23" s="16.13" />
        </extensions>
      </trkpt>
      <trkpt lat="30.49540732" lon="76.60584648">
        <ele>219.69</ele>
        <time>2025-02-12T12:10:37Z</time>
        <extensions>
          <geotracker:meta c="4.26" s="15.92" />
        </extensions>
      </trkpt>
      <trkpt lat="30.49534702" lon="76.6057057">
        <ele>219.72</ele>
        <time>2025-02-12T12:10:38Z</time>
        <extensions>
          <geotracker:meta c="4.26" s="15.32" />
        </extensions>
      </trkpt>
      <trkpt lat="30.49528574" lon="76.60555752">
        <ele>220.15</ele>
        <time>2025-02-12T12:10:39Z</time>
        <extensions>
          <geotracker:meta c="4.26" s="15.83" />
        </extensions>
      </trkpt>
      <trkpt lat="30.49522121" lon="76.60540352">
        <ele>220.41</ele>
        <time>2025-02-12T12:10:40Z</time>
        <extensions>
          <geotracker:meta c="4.24" s="16.44" />
        </extensions>
      </trkpt>
      <trkpt lat="30.49514853" lon="76.60524778">
        <ele>220.35</ele>
        <time>2025-02-12T12:10:41Z</time>
        <extensions>
          <geotracker:meta c="4.23" s="17.05" />
        </extensions>
      </trkpt>
      <trkpt lat="30.49507445" lon="76.6050837">
        <ele>220.12</ele>
        <time>2025-02-12T12:10:42Z</time>
        <extensions>
          <geotracker:meta c="4.26" s="17.68" />
        </extensions>
      </trkpt>
      <trkpt lat="30.49499476" lon="76.60491468">
        <ele>220.41</ele>
        <time>2025-02-12T12:10:43Z</time>
        <extensions>
          <geotracker:meta c="4.24" s="18.33" />
        </extensions>
      </trkpt>
      <trkpt lat="30.49491905" lon="76.60473683">
        <ele>220.75</ele>
        <time>2025-02-12T12:10:44Z</time>
        <extensions>
          <geotracker:meta c="4.25" s="18.95" />
        </extensions>
      </trkpt>
      <trkpt lat="30.49484348" lon="76.60455157">
        <ele>220.68</ele>
        <time>2025-02-12T12:10:45Z</time>
        <extensions>
          <geotracker:meta c="4.26" s="19.49" />
        </extensions>
      </trkpt>
      <trkpt lat="30.49476699" lon="76.60436825">
        <ele>220.68</ele>
        <time>2025-02-12T12:10:46Z</time>
        <extensions>
          <geotracker:meta c="4.27" s="19.38" />
        </extensions>
      </trkpt>
      <trkpt lat="30.49469006" lon="76.60418623">
        <ele>220.74</ele>
        <time>2025-02-12T12:10:47Z</time>
        <extensions>
          <geotracker:meta c="4.26" s="19.14" />
        </extensions>
      </trkpt>
      <trkpt lat="30.494612" lon="76.60400713">
        <ele>220.49</ele>
        <time>2025-02-12T12:10:48Z</time>
        <extensions>
          <geotracker:meta c="4.23" s="19.08" />
        </extensions>
      </trkpt>
      <trkpt lat="30.49453468" lon="76.60383448">
        <ele>220.46</ele>
        <time>2025-02-12T12:10:49Z</time>
        <extensions>
          <geotracker:meta c="4.23" s="18.58" />
        </extensions>
      </trkpt>
      <trkpt lat="30.49445727" lon="76.60366342">
        <ele>220.23</ele>
        <time>2025-02-12T12:10:50Z</time>
        <extensions>
          <geotracker:meta c="4.23" s="18.37" />
        </extensions>
      </trkpt>
      <trkpt lat="30.49438766" lon="76.60350736">
        <ele>220.24</ele>
        <time>2025-02-12T12:10:51Z</time>
        <extensions>
          <geotracker:meta c="4.23" s="16.51" />
        </extensions>
      </trkpt>
      <trkpt lat="30.49432734" lon="76.60337024">
        <ele>220.02</ele>
        <time>2025-02-12T12:10:52Z</time>
        <extensions>
          <geotracker:meta c="4.24" s="13.89" />
        </extensions>
      </trkpt>
      <trkpt lat="30.49426568" lon="76.60323799">
        <ele>220.36</ele>
        <time>2025-02-12T12:10:53Z</time>
        <extensions>
          <geotracker:meta c="4.23" s="14.08" />
        </extensions>
      </trkpt>
      <trkpt lat="30.49420759" lon="76.603098">
        <ele>219.94</ele>
        <time>2025-02-12T12:10:54Z</time>
        <extensions>
          <geotracker:meta c="4.24" s="14.98" />
        </extensions>
      </trkpt>
      <trkpt lat="30.49414832" lon="76.60295409">
        <ele>219.91</ele>
        <time>2025-02-12T12:10:55Z</time>
        <extensions>
          <geotracker:meta c="4.27" s="15.82" />
        </extensions>
      </trkpt>
      <trkpt lat="30.49408581" lon="76.60280447">
        <ele>219.78</ele>
        <time>2025-02-12T12:10:56Z</time>
        <extensions>
          <geotracker:meta c="4.26" s="16.09" />
        </extensions>
      </trkpt>
      <trkpt lat="30.49402568" lon="76.60266583">
        <ele>219.67</ele>
        <time>2025-02-12T12:10:57Z</time>
        <extensions>
          <geotracker:meta c="4.24" s="14.55" />
        </extensions>
      </trkpt>
      <trkpt lat="30.49396881" lon="76.60254252">
        <ele>219.52</ele>
        <time>2025-02-12T12:10:58Z</time>
        <extensions>
          <geotracker:meta c="4.21" s="12.89" />
        </extensions>
      </trkpt>
      <trkpt lat="30.49391165" lon="76.6024276">
        <ele>219.58</ele>
        <time>2025-02-12T12:10:59Z</time>
        <extensions>
          <geotracker:meta c="4.17" s="12.43" />
        </extensions>
      </trkpt>
      <trkpt lat="30.49385303" lon="76.60230935">
        <ele>219.49</ele>
        <time>2025-02-12T12:11:00Z</time>
        <extensions>
          <geotracker:meta c="4.19" s="13.03" />
        </extensions>
      </trkpt>
      <trkpt lat="30.49379972" lon="76.60219591">
        <ele>219.55</ele>
        <time>2025-02-12T12:11:01Z</time>
        <extensions>
          <geotracker:meta c="4.22" s="12.06" />
        </extensions>
      </trkpt>
      <trkpt lat="30.49374998" lon="76.6020941">
        <ele>219.31</ele>
        <time>2025-02-12T12:11:02Z</time>
        <extensions>
          <geotracker:meta c="4.2" s="10.86" />
        </extensions>
      </trkpt>
      <trkpt lat="30.49369596" lon="76.60198541">
        <ele>219.16</ele>
        <time>2025-02-12T12:11:03Z</time>
        <extensions>
          <geotracker:meta c="4.21" s="11.56" />
        </extensions>
      </trkpt>
      <trkpt lat="30.49364334" lon="76.60188292">
        <ele>219.06</ele>
        <time>2025-02-12T12:11:04Z</time>
        <extensions>
          <geotracker:meta c="4.14" s="11.47" />
        </extensions>
      </trkpt>
      <trkpt lat="30.49358426" lon="76.60178396">
        <ele>219.09</ele>
        <time>2025-02-12T12:11:05Z</time>
        <extensions>
          <geotracker:meta c="4.14" s="11.58" />
        </extensions>
      </trkpt>
      <trkpt lat="30.49353149" lon="76.60168569">
        <ele>219.04</ele>
        <time>2025-02-12T12:11:06Z</time>
        <extensions>
          <geotracker:meta c="4.14" s="11.12" />
        </extensions>
      </trkpt>
      <trkpt lat="30.49348152" lon="76.6015944">
        <ele>219</ele>
        <time>2025-02-12T12:11:07Z</time>
        <extensions>
          <geotracker:meta c="4.16" s="10.46" />
        </extensions>
      </trkpt>
      <trkpt lat="30.49339542" lon="76.6014324">
        <ele>219.08</ele>
        <time>2025-02-12T12:11:09Z</time>
        <extensions>
          <geotracker:meta c="4.11" s="8.72" />
        </extensions>
      </trkpt>
      <trkpt lat="30.49332963" lon="76.601315">
        <ele>219.29</ele>
        <time>2025-02-12T12:11:11Z</time>
        <extensions>
          <geotracker:meta c="4.1" s="6.71" />
        </extensions>
      </trkpt>
      <trkpt lat="30.49326606" lon="76.60120962">
        <ele>219.36</ele>
        <time>2025-02-12T12:11:13Z</time>
        <extensions>
          <geotracker:meta c="4.11" s="6.26" />
        </extensions>
      </trkpt>
      <trkpt lat="30.49319861" lon="76.60109902">
        <ele>219.56</ele>
        <time>2025-02-12T12:11:15Z</time>
        <extensions>
          <geotracker:meta c="4.03" s="6.76" />
        </extensions>
      </trkpt>
      <trkpt lat="30.49311375" lon="76.60097673">
        <ele>219.76</ele>
        <time>2025-02-12T12:11:17Z</time>
        <extensions>
          <geotracker:meta c="3.97" s="7.56" />
        </extensions>
      </trkpt>
      <trkpt lat="30.4930392" lon="76.60087033">
        <ele>219.2</ele>
        <time>2025-02-12T12:11:19Z</time>
        <extensions>
          <geotracker:meta c="3.96" s="6.55" />
        </extensions>
      </trkpt>
      <trkpt lat="30.49297674" lon="76.60079197">
        <ele>219.27</ele>
        <time>2025-02-12T12:11:21Z</time>
        <extensions>
          <geotracker:meta c="3.92" s="4.57" />
        </extensions>
      </trkpt>
      <trkpt lat="30.4928886" lon="76.60067378">
        <ele>219.03</ele>
        <time>2025-02-12T12:11:25Z</time>
        <extensions>
          <geotracker:meta c="4" s="4.7" />
        </extensions>
      </trkpt>
      <trkpt lat="30.49282026" lon="76.60058898">
        <ele>219</ele>
        <time>2025-02-12T12:11:27Z</time>
        <extensions>
          <geotracker:meta c="3.86" s="6.61" />
        </extensions>
      </trkpt>
      <trkpt lat="30.4927349" lon="76.60050984">
        <ele>218.76</ele>
        <time>2025-02-12T12:11:30Z</time>
        <extensions>
          <geotracker:meta c="3.79" s="2.61" />
        </extensions>
      </trkpt>
      <trkpt lat="30.49266498" lon="76.60043857">
        <ele>218.43</ele>
        <time>2025-02-12T12:11:45Z</time>
        <extensions>
          <geotracker:meta c="3.9" s="0.97" />
        </extensions>
      </trkpt>
      <trkpt lat="30.49258006" lon="76.60036246">
        <ele>218.06</ele>
        <time>2025-02-12T12:11:50Z</time>
        <extensions>
          <geotracker:meta c="3.72" s="3.94" />
        </extensions>
      </trkpt>
      <trkpt lat="30.49249714" lon="76.6003073">
        <ele>217.85</ele>
        <time>2025-02-12T12:11:55Z</time>
        <extensions>
          <geotracker:meta c="3.69" s="2.14" />
        </extensions>
      </trkpt>
      <trkpt lat="30.49243758" lon="76.60021438">
        <ele>218.48</ele>
        <time>2025-02-12T12:11:59Z</time>
        <extensions>
          <geotracker:meta c="4.51" s="4.59" />
        </extensions>
      </trkpt>
      <trkpt lat="30.49245846" lon="76.60010674">
        <ele>218.84</ele>
        <time>2025-02-12T12:12:01Z</time>
        <extensions>
          <geotracker:meta c="5.02" s="5.57" />
        </extensions>
      </trkpt>
      <trkpt lat="30.49248845" lon="76.5999732">
        <ele>218.67</ele>
        <time>2025-02-12T12:12:04Z</time>
        <extensions>
          <geotracker:meta c="4.96" s="4.3" />
        </extensions>
      </trkpt>
      <trkpt lat="30.49252296" lon="76.59984686">
        <ele>218.42</ele>
        <time>2025-02-12T12:12:07Z</time>
        <extensions>
          <geotracker:meta c="4.99" s="4.81" />
        </extensions>
      </trkpt>
      <trkpt lat="30.49255303" lon="76.59971105">
        <ele>218.61</ele>
        <time>2025-02-12T12:12:10Z</time>
        <extensions>
          <geotracker:meta c="4.93" s="3.9" />
        </extensions>
      </trkpt>
      <trkpt lat="30.49257142" lon="76.59957006">
        <ele>218.37</ele>
        <time>2025-02-12T12:12:13Z</time>
        <extensions>
          <geotracker:meta c="4.86" s="4.99" />
        </extensions>
      </trkpt>
      <trkpt lat="30.49259106" lon="76.59945693">
        <ele>218.61</ele>
        <time>2025-02-12T12:12:15Z</time>
        <extensions>
          <geotracker:meta c="5.05" s="5.8" />
        </extensions>
      </trkpt>
      <trkpt lat="30.49262257" lon="76.59931298">
        <ele>219.35</ele>
        <time>2025-02-12T12:12:17Z</time>
        <extensions>
          <geotracker:meta c="4.9" s="7.59" />
        </extensions>
      </trkpt>
      <trkpt lat="30.49263733" lon="76.59915137">
        <ele>219.26</ele>
        <time>2025-02-12T12:12:19Z</time>
        <extensions>
          <geotracker:meta c="4.76" s="7.46" />
        </extensions>
      </trkpt>
      <trkpt lat="30.4926533" lon="76.59898745">
        <ele>219.02</ele>
        <time>2025-02-12T12:12:21Z</time>
        <extensions>
          <geotracker:meta c="4.87" s="8.2" />
        </extensions>
      </trkpt>
      <trkpt lat="30.49267174" lon="76.59879594">
        <ele>219.32</ele>
        <time>2025-02-12T12:12:23Z</time>
        <extensions>
          <geotracker:meta c="4.76" s="9.68" />
        </extensions>
      </trkpt>
      <trkpt lat="30.49267826" lon="76.59859442">
        <ele>219.21</ele>
        <time>2025-02-12T12:12:25Z</time>
        <extensions>
          <geotracker:meta c="4.74" s="9.37" />
        </extensions>
      </trkpt>
      <trkpt lat="30.49268167" lon="76.59839272">
        <ele>219.04</ele>
        <time>2025-02-12T12:12:27Z</time>
        <extensions>
          <geotracker:meta c="4.74" s="9.6" />
        </extensions>
      </trkpt>
      <trkpt lat="30.49267829" lon="76.59821933">
        <ele>218.89</ele>
        <time>2025-02-12T12:12:29Z</time>
        <extensions>
          <geotracker:meta c="4.66" s="7.89" />
        </extensions>
      </trkpt>
      <trkpt lat="30.49267657" lon="76.59803999">
        <ele>218.82</ele>
        <time>2025-02-12T12:12:31Z</time>
        <extensions>
          <geotracker:meta c="4.71" s="8.83" />
        </extensions>
      </trkpt>
      <trkpt lat="30.49269456" lon="76.59785023">
        <ele>218.37</ele>
        <time>2025-02-12T12:12:33Z</time>
        <extensions>
          <geotracker:meta c="4.79" s="8.84" />
        </extensions>
      </trkpt>
      <trkpt lat="30.49270458" lon="76.59771482">
        <ele>218.79</ele>
        <time>2025-02-12T12:12:35Z</time>
        <extensions>
          <geotracker:meta c="4.78" s="5.47" />
        </extensions>
      </trkpt>
      <trkpt lat="30.4927198" lon="76.59758567">
        <ele>218.77</ele>
        <time>2025-02-12T12:12:38Z</time>
        <extensions>
          <geotracker:meta c="4.95" s="4.12" />
        </extensions>
      </trkpt>
      <trkpt lat="30.4927395" lon="76.59747945">
        <ele>218.52</ele>
        <time>2025-02-12T12:12:40Z</time>
        <extensions>
          <geotracker:meta c="4.9" s="5.62" />
        </extensions>
      </trkpt>
      <trkpt lat="30.49275857" lon="76.59733825">
        <ele>219.13</ele>
        <time>2025-02-12T12:12:42Z</time>
        <extensions>
          <geotracker:meta c="4.81" s="7.57" />
        </extensions>
      </trkpt>
      <trkpt lat="30.4927559" lon="76.59715179">
        <ele>219.31</ele>
        <time>2025-02-12T12:12:44Z</time>
        <extensions>
          <geotracker:meta c="4.69" s="8.95" />
        </extensions>
      </trkpt>
      <trkpt lat="30.49274553" lon="76.59700674">
        <ele>218.98</ele>
        <time>2025-02-12T12:12:46Z</time>
        <extensions>
          <geotracker:meta c="4.68" s="6.44" />
        </extensions>
      </trkpt>
      <trkpt lat="30.4927429" lon="76.59689954">
        <ele>218.97</ele>
        <time>2025-02-12T12:12:48Z</time>
        <extensions>
          <geotracker:meta c="4.71" s="4.75" />
        </extensions>
      </trkpt>
      <trkpt lat="30.49274144" lon="76.5967782">
        <ele>218.87</ele>
        <time>2025-02-12T12:12:51Z</time>
        <extensions>
          <geotracker:meta c="4.73" s="3.76" />
        </extensions>
      </trkpt>
      <trkpt lat="30.4927442" lon="76.59665051">
        <ele>219.06</ele>
        <time>2025-02-12T12:12:54Z</time>
        <extensions>
          <geotracker:meta c="4.79" s="4.28" />
        </extensions>
      </trkpt>
      <trkpt lat="30.49274446" lon="76.59652095">
        <ele>219.39</ele>
        <time>2025-02-12T12:12:57Z</time>
        <extensions>
          <geotracker:meta c="4.74" s="4.1" />
        </extensions>
      </trkpt>
      <trkpt lat="30.49274824" lon="76.59639551">
        <ele>219.41</ele>
        <time>2025-02-12T12:13:00Z</time>
        <extensions>
          <geotracker:meta c="4.81" s="3.9" />
        </extensions>
      </trkpt>
      <trkpt lat="30.49275651" lon="76.59628743">
        <ele>219.28</ele>
        <time>2025-02-12T12:13:03Z</time>
        <extensions>
          <geotracker:meta c="4.83" s="3.36" />
        </extensions>
      </trkpt>
      <trkpt lat="30.49276067" lon="76.59617336">
        <ele>219.21</ele>
        <time>2025-02-12T12:13:06Z</time>
        <extensions>
          <geotracker:meta c="4.77" s="3.61" />
        </extensions>
      </trkpt>
      <trkpt lat="30.49276099" lon="76.59606007">
        <ele>219.33</ele>
        <time>2025-02-12T12:13:09Z</time>
        <extensions>
          <geotracker:meta c="4.78" s="3.66" />
        </extensions>
      </trkpt>
      <trkpt lat="30.4927636" lon="76.5959201">
        <ele>219.49</ele>
        <time>2025-02-12T12:13:12Z</time>
        <extensions>
          <geotracker:meta c="4.78" s="4.71" />
        </extensions>
      </trkpt>
      <trkpt lat="30.49277087" lon="76.59580706">
        <ele>219.89</ele>
        <time>2025-02-12T12:13:14Z</time>
        <extensions>
          <geotracker:meta c="4.92" s="5.64" />
        </extensions>
      </trkpt>
      <trkpt lat="30.49277758" lon="76.59567991">
        <ele>220.01</ele>
        <time>2025-02-12T12:13:17Z</time>
        <extensions>
          <geotracker:meta c="4.8" s="3.81" />
        </extensions>
      </trkpt>
      <trkpt lat="30.49278603" lon="76.59553982">
        <ele>220.29</ele>
        <time>2025-02-12T12:13:20Z</time>
        <extensions>
          <geotracker:meta c="4.81" s="4.85" />
        </extensions>
      </trkpt>
      <trkpt lat="30.49279545" lon="76.59543501">
        <ele>220.32</ele>
        <time>2025-02-12T12:13:22Z</time>
        <extensions>
          <geotracker:meta c="4.78" s="5.23" />
        </extensions>
      </trkpt>
      <trkpt lat="30.4928147" lon="76.59520582">
        <ele>220.22</ele>
        <time>2025-02-12T12:13:25Z</time>
        <extensions>
          <geotracker:meta c="4.79" s="8.85" />
        </extensions>
      </trkpt>
      <trkpt lat="30.49282732" lon="76.59500495">
        <ele>220.13</ele>
        <time>2025-02-12T12:13:27Z</time>
        <extensions>
          <geotracker:meta c="4.75" s="10.41" />
        </extensions>
      </trkpt>
      <trkpt lat="30.49280944" lon="76.59471231">
        <ele>219.96</ele>
        <time>2025-02-12T12:13:30Z</time>
        <extensions>
          <geotracker:meta c="4.64" s="8.84" />
        </extensions>
      </trkpt>
      <trkpt lat="30.49280834" lon="76.59452772">
        <ele>219.92</ele>
        <time>2025-02-12T12:13:32Z</time>
        <extensions>
          <geotracker:meta c="4.75" s="9.05" />
        </extensions>
      </trkpt>
      <trkpt lat="30.49281369" lon="76.59441875">
        <ele>220.14</ele>
        <time>2025-02-12T12:13:33Z</time>
        <extensions>
          <geotracker:meta c="4.77" s="10.22" />
        </extensions>
      </trkpt>
      <trkpt lat="30.49283275" lon="76.59419874">
        <ele>220.74</ele>
        <time>2025-02-12T12:13:35Z</time>
        <extensions>
          <geotracker:meta c="4.8" s="11.01" />
        </extensions>
      </trkpt>
      <trkpt lat="30.49284767" lon="76.59399111">
        <ele>220.36</ele>
        <time>2025-02-12T12:13:37Z</time>
        <extensions>
          <geotracker:meta c="4.81" s="9.1" />
        </extensions>
      </trkpt>
      <trkpt lat="30.49286068" lon="76.59381471">
        <ele>220.2</ele>
        <time>2025-02-12T12:13:39Z</time>
        <extensions>
          <geotracker:meta c="4.77" s="8.8" />
        </extensions>
      </trkpt>
      <trkpt lat="30.49286725" lon="76.59363536">
        <ele>219.93</ele>
        <time>2025-02-12T12:13:41Z</time>
        <extensions>
          <geotracker:meta c="4.8" s="8.6" />
        </extensions>
      </trkpt>
      <trkpt lat="30.49287241" lon="76.59347035">
        <ele>220.32</ele>
        <time>2025-02-12T12:13:43Z</time>
        <extensions>
          <geotracker:meta c="4.81" s="7.56" />
        </extensions>
      </trkpt>
      <trkpt lat="30.49288974" lon="76.59331766">
        <ele>219.91</ele>
        <time>2025-02-12T12:13:45Z</time>
        <extensions>
          <geotracker:meta c="4.82" s="7.67" />
        </extensions>
      </trkpt>
      <trkpt lat="30.49289746" lon="76.59315103">
        <ele>219.87</ele>
        <time>2025-02-12T12:13:47Z</time>
        <extensions>
          <geotracker:meta c="4.77" s="8.28" />
        </extensions>
      </trkpt>
      <trkpt lat="30.49290861" lon="76.59298594">
        <ele>220.1</ele>
        <time>2025-02-12T12:13:49Z</time>
        <extensions>
          <geotracker:meta c="4.76" s="7.44" />
        </extensions>
      </trkpt>
      <trkpt lat="30.49290899" lon="76.5928548">
        <ele>220.21</ele>
        <time>2025-02-12T12:13:51Z</time>
        <extensions>
          <geotracker:meta c="4.73" s="6.34" />
        </extensions>
      </trkpt>
      <trkpt lat="30.49290449" lon="76.59272474">
        <ele>220.06</ele>
        <time>2025-02-12T12:13:53Z</time>
        <extensions>
          <geotracker:meta c="4.65" s="6.14" />
        </extensions>
      </trkpt>
      <trkpt lat="30.49289897" lon="76.59259622">
        <ele>219.74</ele>
        <time>2025-02-12T12:13:56Z</time>
        <extensions>
          <geotracker:meta c="4.68" s="3.49" />
        </extensions>
      </trkpt>
      <trkpt lat="30.49289347" lon="76.59248347">
        <ele>219.54</ele>
        <time>2025-02-12T12:13:59Z</time>
        <extensions>
          <geotracker:meta c="4.6" s="3.92" />
        </extensions>
      </trkpt>
      <trkpt lat="30.49288805" lon="76.59234191">
        <ele>219.42</ele>
        <time>2025-02-12T12:14:02Z</time>
        <extensions>
          <geotracker:meta c="4.69" s="4.67" />
        </extensions>
      </trkpt>
      <trkpt lat="30.49289729" lon="76.59221198">
        <ele>218.96</ele>
        <time>2025-02-12T12:14:05Z</time>
        <extensions>
          <geotracker:meta c="4.7" s="4.16" />
        </extensions>
      </trkpt>
      <trkpt lat="30.49290966" lon="76.59206473">
        <ele>219</ele>
        <time>2025-02-12T12:14:08Z</time>
        <extensions>
          <geotracker:meta c="4.72" s="4.97" />
        </extensions>
      </trkpt>
      <trkpt lat="30.4929219" lon="76.59195264">
        <ele>219.28</ele>
        <time>2025-02-12T12:14:10Z</time>
        <extensions>
          <geotracker:meta c="4.73" s="5.13" />
        </extensions>
      </trkpt>
      <trkpt lat="30.49293465" lon="76.591831">
        <ele>219.59</ele>
        <time>2025-02-12T12:14:12Z</time>
        <extensions>
          <geotracker:meta c="4.76" s="6.27" />
        </extensions>
      </trkpt>
      <trkpt lat="30.49294004" lon="76.59169604">
        <ele>219.2</ele>
        <time>2025-02-12T12:14:14Z</time>
        <extensions>
          <geotracker:meta c="4.76" s="6.81" />
        </extensions>
      </trkpt>
      <trkpt lat="30.49294701" lon="76.59153725">
        <ele>219.14</ele>
        <time>2025-02-12T12:14:16Z</time>
        <extensions>
          <geotracker:meta c="4.73" s="7.77" />
        </extensions>
      </trkpt>
      <trkpt lat="30.49294745" lon="76.59139794">
        <ele>218.95</ele>
        <time>2025-02-12T12:14:18Z</time>
        <extensions>
          <geotracker:meta c="4.73" s="6.09" />
        </extensions>
      </trkpt>
      <trkpt lat="30.49295015" lon="76.59128812">
        <ele>218.73</ele>
        <time>2025-02-12T12:14:20Z</time>
        <extensions>
          <geotracker:meta c="4.75" s="5.25" />
        </extensions>
      </trkpt>
      <trkpt lat="30.49295134" lon="76.59117485">
        <ele>218.86</ele>
        <time>2025-02-12T12:14:22Z</time>
        <extensions>
          <geotracker:meta c="4.75" s="5.02" />
        </extensions>
      </trkpt>
      <trkpt lat="30.4929596" lon="76.59104732">
        <ele>218.59</ele>
        <time>2025-02-12T12:14:25Z</time>
        <extensions>
          <geotracker:meta c="4.78" s="3.78" />
        </extensions>
      </trkpt>
      <trkpt lat="30.49296413" lon="76.59090669">
        <ele>218.33</ele>
        <time>2025-02-12T12:14:28Z</time>
        <extensions>
          <geotracker:meta c="4.74" s="4.42" />
        </extensions>
      </trkpt>
      <trkpt lat="30.49296636" lon="76.59077282">
        <ele>218.46</ele>
        <time>2025-02-12T12:14:31Z</time>
        <extensions>
          <geotracker:meta c="4.75" s="4.43" />
        </extensions>
      </trkpt>
      <trkpt lat="30.49296989" lon="76.59062929">
        <ele>218.51</ele>
        <time>2025-02-12T12:14:34Z</time>
        <extensions>
          <geotracker:meta c="4.77" s="4.76" />
        </extensions>
      </trkpt>
      <trkpt lat="30.49297773" lon="76.59047118">
        <ele>218.09</ele>
        <time>2025-02-12T12:14:37Z</time>
        <extensions>
          <geotracker:meta c="4.78" s="5.57" />
        </extensions>
      </trkpt>
      <trkpt lat="30.4929847" lon="76.59033504">
        <ele>218.52</ele>
        <time>2025-02-12T12:14:39Z</time>
        <extensions>
          <geotracker:meta c="4.79" s="6.72" />
        </extensions>
      </trkpt>
      <trkpt lat="30.49299603" lon="76.59018489">
        <ele>218.77</ele>
        <time>2025-02-12T12:14:41Z</time>
        <extensions>
          <geotracker:meta c="4.79" s="7.2" />
        </extensions>
      </trkpt>
      <trkpt lat="30.49300204" lon="76.59004805">
        <ele>218.55</ele>
        <time>2025-02-12T12:14:43Z</time>
        <extensions>
          <geotracker:meta c="4.75" s="6.2" />
        </extensions>
      </trkpt>
      <trkpt lat="30.49300242" lon="76.58993253">
        <ele>218.52</ele>
        <time>2025-02-12T12:14:45Z</time>
        <extensions>
          <geotracker:meta c="4.75" s="5.49" />
        </extensions>
      </trkpt>
      <trkpt lat="30.49300361" lon="76.58982101">
        <ele>218.41</ele>
        <time>2025-02-12T12:14:47Z</time>
        <extensions>
          <geotracker:meta c="4.76" s="5.7" />
        </extensions>
      </trkpt>
      <trkpt lat="30.49300763" lon="76.58969983">
        <ele>218.15</ele>
        <time>2025-02-12T12:14:49Z</time>
        <extensions>
          <geotracker:meta c="4.78" s="5.95" />
        </extensions>
      </trkpt>
      <trkpt lat="30.49301537" lon="76.58957466">
        <ele>218.5</ele>
        <time>2025-02-12T12:14:51Z</time>
        <extensions>
          <geotracker:meta c="4.79" s="5.72" />
        </extensions>
      </trkpt>
      <trkpt lat="30.49302582" lon="76.58943416">
        <ele>218.24</ele>
        <time>2025-02-12T12:14:54Z</time>
        <extensions>
          <geotracker:meta c="4.83" s="4.52" />
        </extensions>
      </trkpt>
      <trkpt lat="30.49303235" lon="76.58932432">
        <ele>218.32</ele>
        <time>2025-02-12T12:14:56Z</time>
        <extensions>
          <geotracker:meta c="4.84" s="5.48" />
        </extensions>
      </trkpt>
      <trkpt lat="30.49303965" lon="76.58921037">
        <ele>218.02</ele>
        <time>2025-02-12T12:14:58Z</time>
        <extensions>
          <geotracker:meta c="4.81" s="5.54" />
        </extensions>
      </trkpt>
      <trkpt lat="30.49304891" lon="76.5891018">
        <ele>218.02</ele>
        <time>2025-02-12T12:15:00Z</time>
        <extensions>
          <geotracker:meta c="4.82" s="5.21" />
        </extensions>
      </trkpt>
      <trkpt lat="30.49306163" lon="76.58899095">
        <ele>218.2</ele>
        <time>2025-02-12T12:15:02Z</time>
        <extensions>
          <geotracker:meta c="4.92" s="5.52" />
        </extensions>
      </trkpt>
      <trkpt lat="30.49309934" lon="76.58886733">
        <ele>217.83</ele>
        <time>2025-02-12T12:15:04Z</time>
        <extensions>
          <geotracker:meta c="5.16" s="6.64" />
        </extensions>
      </trkpt>
      <trkpt lat="30.49315069" lon="76.58871785">
        <ele>217.68</ele>
        <time>2025-02-12T12:15:06Z</time>
        <extensions>
          <geotracker:meta c="5.04" s="7.91" />
        </extensions>
      </trkpt>
      <trkpt lat="30.49318533" lon="76.58854646">
        <ele>217.82</ele>
        <time>2025-02-12T12:15:08Z</time>
        <extensions>
          <geotracker:meta c="4.92" s="8.74" />
        </extensions>
      </trkpt>
      <trkpt lat="30.49320308" lon="76.58836365">
        <ele>217.96</ele>
        <time>2025-02-12T12:15:10Z</time>
        <extensions>
          <geotracker:meta c="4.77" s="8.96" />
        </extensions>
      </trkpt>
      <trkpt lat="30.49321634" lon="76.58815384">
        <ele>218.29</ele>
        <time>2025-02-12T12:15:12Z</time>
        <extensions>
          <geotracker:meta c="4.8" s="10.82" />
        </extensions>
      </trkpt>
      <trkpt lat="30.49322491" lon="76.5880322">
        <ele>218</ele>
        <time>2025-02-12T12:15:13Z</time>
        <extensions>
          <geotracker:meta c="4.78" s="11.5" />
        </extensions>
      </trkpt>
      <trkpt lat="30.4932322" lon="76.58792344">
        <ele>217.95</ele>
        <time>2025-02-12T12:15:14Z</time>
        <extensions>
          <geotracker:meta c="4.76" s="10.8" />
        </extensions>
      </trkpt>
      <trkpt lat="30.49323668" lon="76.58780991">
        <ele>217.89</ele>
        <time>2025-02-12T12:15:15Z</time>
        <extensions>
          <geotracker:meta c="4.79" s="10.91" />
        </extensions>
      </trkpt>
      <trkpt lat="30.49324453" lon="76.58769061">
        <ele>217.97</ele>
        <time>2025-02-12T12:15:16Z</time>
        <extensions>
          <geotracker:meta c="4.83" s="11.4" />
        </extensions>
      </trkpt>
      <trkpt lat="30.4932545" lon="76.58756696">
        <ele>218.01</ele>
        <time>2025-02-12T12:15:17Z</time>
        <extensions>
          <geotracker:meta c="4.82" s="12.12" />
        </extensions>
      </trkpt>
      <trkpt lat="30.49326749" lon="76.587431">
        <ele>218.24</ele>
        <time>2025-02-12T12:15:18Z</time>
        <extensions>
          <geotracker:meta c="4.8" s="12.91" />
        </extensions>
      </trkpt>
      <trkpt lat="30.49327745" lon="76.58729676">
        <ele>218.68</ele>
        <time>2025-02-12T12:15:19Z</time>
        <extensions>
          <geotracker:meta c="4.77" s="13.07" />
        </extensions>
      </trkpt>
      <trkpt lat="30.49328271" lon="76.58715516">
        <ele>218.84</ele>
        <time>2025-02-12T12:15:20Z</time>
        <extensions>
          <geotracker:meta c="4.74" s="13.49" />
        </extensions>
      </trkpt>
      <trkpt lat="30.49328452" lon="76.58700965">
        <ele>218.91</ele>
        <time>2025-02-12T12:15:21Z</time>
        <extensions>
          <geotracker:meta c="4.72" s="13.97" />
        </extensions>
      </trkpt>
      <trkpt lat="30.49328532" lon="76.5868584">
        <ele>219.19</ele>
        <time>2025-02-12T12:15:22Z</time>
        <extensions>
          <geotracker:meta c="4.7" s="14.71" />
        </extensions>
      </trkpt>
      <trkpt lat="30.49328535" lon="76.58670377">
        <ele>219.36</ele>
        <time>2025-02-12T12:15:23Z</time>
        <extensions>
          <geotracker:meta c="4.71" s="15.09" />
        </extensions>
      </trkpt>
      <trkpt lat="30.49328497" lon="76.58654927">
        <ele>220.12</ele>
        <time>2025-02-12T12:15:24Z</time>
        <extensions>
          <geotracker:meta c="4.71" s="15.03" />
        </extensions>
      </trkpt>
      <trkpt lat="30.49328626" lon="76.58638824">
        <ele>220.08</ele>
        <time>2025-02-12T12:15:25Z</time>
        <extensions>
          <geotracker:meta c="4.72" s="15.32" />
        </extensions>
      </trkpt>
      <trkpt lat="30.49328995" lon="76.58622481">
        <ele>220.3</ele>
        <time>2025-02-12T12:15:26Z</time>
        <extensions>
          <geotracker:meta c="4.73" s="15.93" />
        </extensions>
      </trkpt>
      <trkpt lat="30.49329192" lon="76.58605709">
        <ele>220.4</ele>
        <time>2025-02-12T12:15:27Z</time>
        <extensions>
          <geotracker:meta c="4.74" s="16.15" />
        </extensions>
      </trkpt>
      <trkpt lat="30.49329438" lon="76.5858893">
        <ele>220.46</ele>
        <time>2025-02-12T12:15:28Z</time>
        <extensions>
          <geotracker:meta c="4.75" s="16.13" />
        </extensions>
      </trkpt>
      <trkpt lat="30.49329875" lon="76.58572253">
        <ele>220.79</ele>
        <time>2025-02-12T12:15:29Z</time>
        <extensions>
          <geotracker:meta c="4.75" s="15.88" />
        </extensions>
      </trkpt>
      <trkpt lat="30.49330339" lon="76.5855607">
        <ele>221.23</ele>
        <time>2025-02-12T12:15:30Z</time>
        <extensions>
          <geotracker:meta c="4.75" s="15.53" />
        </extensions>
      </trkpt>
      <trkpt lat="30.49330741" lon="76.58539939">
        <ele>221.33</ele>
        <time>2025-02-12T12:15:31Z</time>
        <extensions>
          <geotracker:meta c="4.75" s="15.46" />
        </extensions>
      </trkpt>
      <trkpt lat="30.49331268" lon="76.58523614">
        <ele>221.35</ele>
        <time>2025-02-12T12:15:32Z</time>
        <extensions>
          <geotracker:meta c="4.09" s="15.51" />
        </extensions>
      </trkpt>
      <trkpt lat="30.49332147" lon="76.58506952">
        <ele>221.32</ele>
        <time>2025-02-12T12:15:33Z</time>
        <extensions>
          <geotracker:meta c="4.77" s="15.95" />
        </extensions>
      </trkpt>
      <trkpt lat="30.49332553" lon="76.58489917">
        <ele>221.72</ele>
        <time>2025-02-12T12:15:34Z</time>
        <extensions>
          <geotracker:meta c="4.75" s="16.48" />
        </extensions>
      </trkpt>
      <trkpt lat="30.49332958" lon="76.58472655">
        <ele>221.91</ele>
        <time>2025-02-12T12:15:35Z</time>
        <extensions>
          <geotracker:meta c="4.75" s="16.67" />
        </extensions>
      </trkpt>
      <trkpt lat="30.49333713" lon="76.58454978">
        <ele>222.28</ele>
        <time>2025-02-12T12:15:36Z</time>
        <extensions>
          <geotracker:meta c="4.76" s="17.07" />
        </extensions>
      </trkpt>
      <trkpt lat="30.4933413" lon="76.58437226">
        <ele>222.52</ele>
        <time>2025-02-12T12:15:37Z</time>
        <extensions>
          <geotracker:meta c="4.75" s="17.03" />
        </extensions>
      </trkpt>
      <trkpt lat="30.49334679" lon="76.58420073">
        <ele>222.82</ele>
        <time>2025-02-12T12:15:38Z</time>
        <extensions>
          <geotracker:meta c="4.75" s="16.28" />
        </extensions>
      </trkpt>
      <trkpt lat="30.49335081" lon="76.58405124">
        <ele>223.17</ele>
        <time>2025-02-12T12:15:39Z</time>
        <extensions>
          <geotracker:meta c="4.75" s="13.64" />
        </extensions>
      </trkpt>
      <trkpt lat="30.49335358" lon="76.58391976">
        <ele>223.14</ele>
        <time>2025-02-12T12:15:40Z</time>
        <extensions>
          <geotracker:meta c="4.75" s="12.49" />
        </extensions>
      </trkpt>
      <trkpt lat="30.49335871" lon="76.58381214">
        <ele>223.48</ele>
        <time>2025-02-12T12:15:41Z</time>
        <extensions>
          <geotracker:meta c="4.77" s="10.47" />
        </extensions>
      </trkpt>
      <trkpt lat="30.49337242" lon="76.58361133">
        <ele>223.32</ele>
        <time>2025-02-12T12:15:43Z</time>
        <extensions>
          <geotracker:meta c="4.76" s="9.6" />
        </extensions>
      </trkpt>
      <trkpt lat="30.49337946" lon="76.5834216">
        <ele>223.88</ele>
        <time>2025-02-12T12:15:45Z</time>
        <extensions>
          <geotracker:meta c="4.73" s="9.23" />
        </extensions>
      </trkpt>
      <trkpt lat="30.49338422" lon="76.58323052">
        <ele>223.84</ele>
        <time>2025-02-12T12:15:47Z</time>
        <extensions>
          <geotracker:meta c="4.66" s="9.01" />
        </extensions>
      </trkpt>
      <trkpt lat="30.49337863" lon="76.58307986">
        <ele>224</ele>
        <time>2025-02-12T12:15:49Z</time>
        <extensions>
          <geotracker:meta c="4.62" s="6.56" />
        </extensions>
      </trkpt>
      <trkpt lat="30.4933786" lon="76.58293716">
        <ele>224.05</ele>
        <time>2025-02-12T12:15:51Z</time>
        <extensions>
          <geotracker:meta c="4.69" s="7.08" />
        </extensions>
      </trkpt>
      <trkpt lat="30.49337158" lon="76.58277639">
        <ele>223.88</ele>
        <time>2025-02-12T12:15:53Z</time>
        <extensions>
          <geotracker:meta c="4.67" s="7.51" />
        </extensions>
      </trkpt>
      <trkpt lat="30.49336609" lon="76.58260579">
        <ele>223.59</ele>
        <time>2025-02-12T12:15:55Z</time>
        <extensions>
          <geotracker:meta c="4.68" s="8.62" />
        </extensions>
      </trkpt>
      <trkpt lat="30.49336238" lon="76.58240269">
        <ele>222.93</ele>
        <time>2025-02-12T12:15:57Z</time>
        <extensions>
          <geotracker:meta c="4.7" s="10.58" />
        </extensions>
      </trkpt>
      <trkpt lat="30.49336181" lon="76.58229003">
        <ele>222.86</ele>
        <time>2025-02-12T12:15:58Z</time>
        <extensions>
          <geotracker:meta c="4.71" s="10.95" />
        </extensions>
      </trkpt>
      <trkpt lat="30.49336697" lon="76.58217013">
        <ele>222.52</ele>
        <time>2025-02-12T12:15:59Z</time>
        <extensions>
          <geotracker:meta c="4.78" s="11.68" />
        </extensions>
      </trkpt>
      <trkpt lat="30.49337747" lon="76.5820486">
        <ele>222.13</ele>
        <time>2025-02-12T12:16:00Z</time>
        <extensions>
          <geotracker:meta c="4.83" s="11.74" />
        </extensions>
      </trkpt>
      <trkpt lat="30.49339136" lon="76.58192319">
        <ele>221.91</ele>
        <time>2025-02-12T12:16:01Z</time>
        <extensions>
          <geotracker:meta c="4.84" s="12.25" />
        </extensions>
      </trkpt>
      <trkpt lat="30.49340281" lon="76.58180012">
        <ele>221.78</ele>
        <time>2025-02-12T12:16:02Z</time>
        <extensions>
          <geotracker:meta c="4.84" s="11.75" />
        </extensions>
      </trkpt>
      <trkpt lat="30.49341789" lon="76.58168385">
        <ele>221.62</ele>
        <time>2025-02-12T12:16:03Z</time>
        <extensions>
          <geotracker:meta c="4.87" s="11.25" />
        </extensions>
      </trkpt>
      <trkpt lat="30.4934361" lon="76.58156074">
        <ele>221.47</ele>
        <time>2025-02-12T12:16:04Z</time>
        <extensions>
          <geotracker:meta c="4.89" s="12.02" />
        </extensions>
      </trkpt>
      <trkpt lat="30.4934599" lon="76.58143853">
        <ele>221.08</ele>
        <time>2025-02-12T12:16:05Z</time>
        <extensions>
          <geotracker:meta c="4.94" s="12.33" />
        </extensions>
      </trkpt>
      <trkpt lat="30.4934914" lon="76.5813106">
        <ele>220.71</ele>
        <time>2025-02-12T12:16:06Z</time>
        <extensions>
          <geotracker:meta c="5.01" s="12.6" />
        </extensions>
      </trkpt>
      <trkpt lat="30.49352624" lon="76.58118453">
        <ele>220.69</ele>
        <time>2025-02-12T12:16:07Z</time>
        <extensions>
          <geotracker:meta c="5.03" s="12.84" />
        </extensions>
      </trkpt>
      <trkpt lat="30.49356867" lon="76.58105559">
        <ele>220.27</ele>
        <time>2025-02-12T12:16:08Z</time>
        <extensions>
          <geotracker:meta c="5.09" s="13.26" />
        </extensions>
      </trkpt>
      <trkpt lat="30.49361519" lon="76.58092547">
        <ele>219.84</ele>
        <time>2025-02-12T12:16:09Z</time>
        <extensions>
          <geotracker:meta c="5.11" s="13.64" />
        </extensions>
      </trkpt>
      <trkpt lat="30.49366318" lon="76.58079129">
        <ele>219.26</ele>
        <time>2025-02-12T12:16:10Z</time>
        <extensions>
          <geotracker:meta c="5.13" s="13.92" />
        </extensions>
      </trkpt>
      <trkpt lat="30.49371686" lon="76.58065778">
        <ele>218.64</ele>
        <time>2025-02-12T12:16:11Z</time>
        <extensions>
          <geotracker:meta c="5.17" s="13.83" />
        </extensions>
      </trkpt>
      <trkpt lat="30.4937714" lon="76.58053145">
        <ele>218.32</ele>
        <time>2025-02-12T12:16:12Z</time>
        <extensions>
          <geotracker:meta c="5.2" s="13.73" />
        </extensions>
      </trkpt>
      <trkpt lat="30.49383267" lon="76.58040441">
        <ele>217.83</ele>
        <time>2025-02-12T12:16:13Z</time>
        <extensions>
          <geotracker:meta c="5.24" s="13.92" />
        </extensions>
      </trkpt>
      <trkpt lat="30.4938959" lon="76.58027786">
        <ele>217.61</ele>
        <time>2025-02-12T12:16:14Z</time>
        <extensions>
          <geotracker:meta c="5.28" s="13.9" />
        </extensions>
      </trkpt>
      <trkpt lat="30.49396333" lon="76.58015363">
        <ele>217.33</ele>
        <time>2025-02-12T12:16:15Z</time>
        <extensions>
          <geotracker:meta c="5.32" s="14.07" />
        </extensions>
      </trkpt>
      <trkpt lat="30.494033" lon="76.58002783">
        <ele>217.28</ele>
        <time>2025-02-12T12:16:16Z</time>
        <extensions>
          <geotracker:meta c="5.31" s="14.33" />
        </extensions>
      </trkpt>
      <trkpt lat="30.49409394" lon="76.57990375">
        <ele>217.32</ele>
        <time>2025-02-12T12:16:17Z</time>
        <extensions>
          <geotracker:meta c="5.28" s="13.81" />
        </extensions>
      </trkpt>
      <trkpt lat="30.49415366" lon="76.57978597">
        <ele>217.67</ele>
        <time>2025-02-12T12:16:18Z</time>
        <extensions>
          <geotracker:meta c="5.28" s="13.39" />
        </extensions>
      </trkpt>
      <trkpt lat="30.49421271" lon="76.57966995">
        <ele>217.58</ele>
        <time>2025-02-12T12:16:19Z</time>
        <extensions>
          <geotracker:meta c="5.27" s="12.85" />
        </extensions>
      </trkpt>
      <trkpt lat="30.49426531" lon="76.57957482">
        <ele>217.61</ele>
        <time>2025-02-12T12:16:20Z</time>
        <extensions>
          <geotracker:meta c="5.28" s="11.04" />
        </extensions>
      </trkpt>
      <trkpt lat="30.49434319" lon="76.5794423">
        <ele>217.76</ele>
        <time>2025-02-12T12:16:22Z</time>
        <extensions>
          <geotracker:meta c="5.34" s="7.37" />
        </extensions>
      </trkpt>
      <trkpt lat="30.4944053" lon="76.5793162">
        <ele>217.7</ele>
        <time>2025-02-12T12:16:24Z</time>
        <extensions>
          <geotracker:meta c="5.1" s="6.82" />
        </extensions>
      </trkpt>
      <trkpt lat="30.49441248" lon="76.57916425">
        <ele>217.88</ele>
        <time>2025-02-12T12:16:26Z</time>
        <extensions>
          <geotracker:meta c="4.64" s="7.51" />
        </extensions>
      </trkpt>
      <trkpt lat="30.49434605" lon="76.57900833">
        <ele>217.85</ele>
        <time>2025-02-12T12:16:28Z</time>
        <extensions>
          <geotracker:meta c="4.25" s="8.43" />
        </extensions>
      </trkpt>
      <trkpt lat="30.49424811" lon="76.57889266">
        <ele>217.65</ele>
        <time>2025-02-12T12:16:30Z</time>
        <extensions>
          <geotracker:meta c="3.86" s="8.05" />
        </extensions>
      </trkpt>
      <trkpt lat="30.49409935" lon="76.57879456">
        <ele>217.29</ele>
        <time>2025-02-12T12:16:32Z</time>
        <extensions>
          <geotracker:meta c="3.69" s="9.91" />
        </extensions>
      </trkpt>
      <trkpt lat="30.49401262" lon="76.57874264">
        <ele>217.3</ele>
        <time>2025-02-12T12:16:33Z</time>
        <extensions>
          <geotracker:meta c="3.68" s="10.82" />
        </extensions>
      </trkpt>
      <trkpt lat="30.49391725" lon="76.5786854">
        <ele>217.2</ele>
        <time>2025-02-12T12:16:34Z</time>
        <extensions>
          <geotracker:meta c="3.66" s="11.88" />
        </extensions>
      </trkpt>
      <trkpt lat="30.49381366" lon="76.5786227">
        <ele>216.97</ele>
        <time>2025-02-12T12:16:35Z</time>
        <extensions>
          <geotracker:meta c="3.63" s="12.95" />
        </extensions>
      </trkpt>
      <trkpt lat="30.49370236" lon="76.57855404">
        <ele>216.7</ele>
        <time>2025-02-12T12:16:36Z</time>
        <extensions>
          <geotracker:meta c="3.64" s="14.49" />
        </extensions>
      </trkpt>
      <trkpt lat="30.493593" lon="76.57848521">
        <ele>216.56</ele>
        <time>2025-02-12T12:16:37Z</time>
        <extensions>
          <geotracker:meta c="3.65" s="13.98" />
        </extensions>
      </trkpt>
      <trkpt lat="30.49349035" lon="76.57841529">
        <ele>216.6</ele>
        <time>2025-02-12T12:16:38Z</time>
        <extensions>
          <geotracker:meta c="3.69" s="13.02" />
        </extensions>
      </trkpt>
      <trkpt lat="30.49340103" lon="76.57834841">
        <ele>216.37</ele>
        <time>2025-02-12T12:16:39Z</time>
        <extensions>
          <geotracker:meta c="3.74" s="11.46" />
        </extensions>
      </trkpt>
      <trkpt lat="30.49331371" lon="76.57827916">
        <ele>216.39</ele>
        <time>2025-02-12T12:16:40Z</time>
        <extensions>
          <geotracker:meta c="3.76" s="11.66" />
        </extensions>
      </trkpt>
      <trkpt lat="30.4932205" lon="76.57819807">
        <ele>216.34</ele>
        <time>2025-02-12T12:16:41Z</time>
        <extensions>
          <geotracker:meta c="3.8" s="13.32" />
        </extensions>
      </trkpt>
      <trkpt lat="30.49311992" lon="76.57811325">
        <ele>216.18</ele>
        <time>2025-02-12T12:16:42Z</time>
        <extensions>
          <geotracker:meta c="3.78" s="13.81" />
        </extensions>
      </trkpt>
      <trkpt lat="30.49300807" lon="76.57802467">
        <ele>216.13</ele>
        <time>2025-02-12T12:16:43Z</time>
        <extensions>
          <geotracker:meta c="3.7" s="14.82" />
        </extensions>
      </trkpt>
      <trkpt lat="30.49288294" lon="76.57794427">
        <ele>215.87</ele>
        <time>2025-02-12T12:16:44Z</time>
        <extensions>
          <geotracker:meta c="3.65" s="15.9" />
        </extensions>
      </trkpt>
      <trkpt lat="30.49274742" lon="76.57786557">
        <ele>215.82</ele>
        <time>2025-02-12T12:16:45Z</time>
        <extensions>
          <geotracker:meta c="3.6" s="16.71" />
        </extensions>
      </trkpt>
      <trkpt lat="30.49260931" lon="76.57778815">
        <ele>215.86</ele>
        <time>2025-02-12T12:16:46Z</time>
        <extensions>
          <geotracker:meta c="3.59" s="17.12" />
        </extensions>
      </trkpt>
      <trkpt lat="30.4924652" lon="76.57770626">
        <ele>215.78</ele>
        <time>2025-02-12T12:16:47Z</time>
        <extensions>
          <geotracker:meta c="3.58" s="17.81" />
        </extensions>
      </trkpt>
      <trkpt lat="30.49231326" lon="76.57762022">
        <ele>215.3</ele>
        <time>2025-02-12T12:16:48Z</time>
        <extensions>
          <geotracker:meta c="3.55" s="18.57" />
        </extensions>
      </trkpt>
      <trkpt lat="30.49215726" lon="76.57753123">
        <ele>215.07</ele>
        <time>2025-02-12T12:16:49Z</time>
        <extensions>
          <geotracker:meta c="3.55" s="19.13" />
        </extensions>
      </trkpt>
      <trkpt lat="30.4919982" lon="76.57744041">
        <ele>214.83</ele>
        <time>2025-02-12T12:16:50Z</time>
        <extensions>
          <geotracker:meta c="3.55" s="19.76" />
        </extensions>
      </trkpt>
      <trkpt lat="30.49183317" lon="76.57734824">
        <ele>214.83</ele>
        <time>2025-02-12T12:16:51Z</time>
        <extensions>
          <geotracker:meta c="3.54" s="20.4" />
        </extensions>
      </trkpt>
      <trkpt lat="30.49166268" lon="76.57725066">
        <ele>214.76</ele>
        <time>2025-02-12T12:16:52Z</time>
        <extensions>
          <geotracker:meta c="3.54" s="21.02" />
        </extensions>
      </trkpt>
      <trkpt lat="30.49148957" lon="76.57714881">
        <ele>214.87</ele>
        <time>2025-02-12T12:16:53Z</time>
        <extensions>
          <geotracker:meta c="3.56" s="21.55" />
        </extensions>
      </trkpt>
      <trkpt lat="30.49131386" lon="76.57704843">
        <ele>214.9</ele>
        <time>2025-02-12T12:16:54Z</time>
        <extensions>
          <geotracker:meta c="3.57" s="21.72" />
        </extensions>
      </trkpt>
      <trkpt lat="30.49113684" lon="76.57694065">
        <ele>214.81</ele>
        <time>2025-02-12T12:16:55Z</time>
        <extensions>
          <geotracker:meta c="3.67" s="22.16" />
        </extensions>
      </trkpt>
      <trkpt lat="30.49095522" lon="76.5768326">
        <ele>214.63</ele>
        <time>2025-02-12T12:16:56Z</time>
        <extensions>
          <geotracker:meta c="3.65" s="22.64" />
        </extensions>
      </trkpt>
      <trkpt lat="30.49076923" lon="76.57672495">
        <ele>214.72</ele>
        <time>2025-02-12T12:16:57Z</time>
        <extensions>
          <geotracker:meta c="3.68" s="23.09" />
        </extensions>
      </trkpt>
      <trkpt lat="30.49057945" lon="76.57661571">
        <ele>214.69</ele>
        <time>2025-02-12T12:16:58Z</time>
        <extensions>
          <geotracker:meta c="3.64" s="23.55" />
        </extensions>
      </trkpt>
      <trkpt lat="30.4903856" lon="76.57650248">
        <ele>214.57</ele>
        <time>2025-02-12T12:16:59Z</time>
        <extensions>
          <geotracker:meta c="3.62" s="23.97" />
        </extensions>
      </trkpt>
      <trkpt lat="30.49018782" lon="76.57639089">
        <ele>214.24</ele>
        <time>2025-02-12T12:17:00Z</time>
        <extensions>
          <geotracker:meta c="3.61" s="24.38" />
        </extensions>
      </trkpt>
      <trkpt lat="30.48998875" lon="76.57627348">
        <ele>213.85</ele>
        <time>2025-02-12T12:17:01Z</time>
        <extensions>
          <geotracker:meta c="3.6" s="24.82" />
        </extensions>
      </trkpt>
      <trkpt lat="30.48978464" lon="76.57615613">
        <ele>213.78</ele>
        <time>2025-02-12T12:17:02Z</time>
        <extensions>
          <geotracker:meta c="3.6" s="25.23" />
        </extensions>
      </trkpt>
      <trkpt lat="30.48957751" lon="76.57603523">
        <ele>213.79</ele>
        <time>2025-02-12T12:17:03Z</time>
        <extensions>
          <geotracker:meta c="3.59" s="25.66" />
        </extensions>
      </trkpt>
      <trkpt lat="30.48936803" lon="76.57591324">
        <ele>213.75</ele>
        <time>2025-02-12T12:17:04Z</time>
        <extensions>
          <geotracker:meta c="3.57" s="26.06" />
        </extensions>
      </trkpt>
      <trkpt lat="30.48915522" lon="76.57578944">
        <ele>213.43</ele>
        <time>2025-02-12T12:17:05Z</time>
        <extensions>
          <geotracker:meta c="3.57" s="26.5" />
        </extensions>
      </trkpt>
      <trkpt lat="30.48893804" lon="76.5756646">
        <ele>213.15</ele>
        <time>2025-02-12T12:17:06Z</time>
        <extensions>
          <geotracker:meta c="3.55" s="26.88" />
        </extensions>
      </trkpt>
      <trkpt lat="30.48871735" lon="76.57554135">
        <ele>212.77</ele>
        <time>2025-02-12T12:17:07Z</time>
        <extensions>
          <geotracker:meta c="3.54" s="27.1" />
        </extensions>
      </trkpt>
      <trkpt lat="30.48849471" lon="76.57541845">
        <ele>212.74</ele>
        <time>2025-02-12T12:17:08Z</time>
        <extensions>
          <geotracker:meta c="3.54" s="27.18" />
        </extensions>
      </trkpt>
      <trkpt lat="30.48827487" lon="76.5752949">
        <ele>212.42</ele>
        <time>2025-02-12T12:17:09Z</time>
        <extensions>
          <geotracker:meta c="3.57" s="27" />
        </extensions>
      </trkpt>
      <trkpt lat="30.48805501" lon="76.57517016">
        <ele>212.26</ele>
        <time>2025-02-12T12:17:10Z</time>
        <extensions>
          <geotracker:meta c="3.57" s="27" />
        </extensions>
      </trkpt>
      <trkpt lat="30.48783617" lon="76.5750435">
        <ele>212.17</ele>
        <time>2025-02-12T12:17:11Z</time>
        <extensions>
          <geotracker:meta c="3.56" s="27.2" />
        </extensions>
      </trkpt>
      <trkpt lat="30.48761138" lon="76.57491604">
        <ele>211.95</ele>
        <time>2025-02-12T12:17:12Z</time>
        <extensions>
          <geotracker:meta c="3.56" s="27.64" />
        </extensions>
      </trkpt>
      <trkpt lat="30.48738608" lon="76.57479086">
        <ele>212.16</ele>
        <time>2025-02-12T12:17:13Z</time>
        <extensions>
          <geotracker:meta c="3.56" s="27.72" />
        </extensions>
      </trkpt>
      <trkpt lat="30.48715628" lon="76.57465863">
        <ele>211.7</ele>
        <time>2025-02-12T12:17:14Z</time>
        <extensions>
          <geotracker:meta c="3.57" s="28.47" />
        </extensions>
      </trkpt>
      <trkpt lat="30.48692474" lon="76.57452144">
        <ele>211.33</ele>
        <time>2025-02-12T12:17:15Z</time>
        <extensions>
          <geotracker:meta c="3.57" s="28.9" />
        </extensions>
      </trkpt>
      <trkpt lat="30.48668726" lon="76.57438241">
        <ele>211.24</ele>
        <time>2025-02-12T12:17:16Z</time>
        <extensions>
          <geotracker:meta c="3.57" s="29.32" />
        </extensions>
      </trkpt>
      <trkpt lat="30.4864491" lon="76.5742407">
        <ele>211.18</ele>
        <time>2025-02-12T12:17:17Z</time>
        <extensions>
          <geotracker:meta c="3.57" s="29.61" />
        </extensions>
      </trkpt>
      <trkpt lat="30.48621254" lon="76.57410508">
        <ele>211.05</ele>
        <time>2025-02-12T12:17:18Z</time>
        <extensions>
          <geotracker:meta c="3.57" s="29.5" />
        </extensions>
      </trkpt>
      <trkpt lat="30.4859785" lon="76.57397127">
        <ele>211.16</ele>
        <time>2025-02-12T12:17:19Z</time>
        <extensions>
          <geotracker:meta c="3.56" s="29.07" />
        </extensions>
      </trkpt>
      <trkpt lat="30.48574152" lon="76.57383698">
        <ele>211.19</ele>
        <time>2025-02-12T12:17:20Z</time>
        <extensions>
          <geotracker:meta c="3.57" s="29.17" />
        </extensions>
      </trkpt>
      <trkpt lat="30.48550124" lon="76.57369937">
        <ele>211.04</ele>
        <time>2025-02-12T12:17:21Z</time>
        <extensions>
          <geotracker:meta c="3.57" s="29.62" />
        </extensions>
      </trkpt>
      <trkpt lat="30.48526255" lon="76.57355598">
        <ele>211.07</ele>
        <time>2025-02-12T12:17:22Z</time>
        <extensions>
          <geotracker:meta c="3.61" s="29.74" />
        </extensions>
      </trkpt>
      <trkpt lat="30.48502705" lon="76.57340365">
        <ele>211.07</ele>
        <time>2025-02-12T12:17:23Z</time>
        <extensions>
          <geotracker:meta c="3.64" s="29.87" />
        </extensions>
      </trkpt>
      <trkpt lat="30.48479192" lon="76.57325427">
        <ele>210.89</ele>
        <time>2025-02-12T12:17:24Z</time>
        <extensions>
          <geotracker:meta c="3.61" s="29.83" />
        </extensions>
      </trkpt>
      <trkpt lat="30.48455564" lon="76.57311347">
        <ele>210.8</ele>
        <time>2025-02-12T12:17:25Z</time>
        <extensions>
          <geotracker:meta c="3.59" s="29.46" />
        </extensions>
      </trkpt>
      <trkpt lat="30.48432625" lon="76.57297888">
        <ele>210.62</ele>
        <time>2025-02-12T12:17:26Z</time>
        <extensions>
          <geotracker:meta c="3.6" s="28.56" />
        </extensions>
      </trkpt>
      <trkpt lat="30.48410684" lon="76.57284868">
        <ele>210.34</ele>
        <time>2025-02-12T12:17:27Z</time>
        <extensions>
          <geotracker:meta c="3.6" s="27.28" />
        </extensions>
      </trkpt>
      <trkpt lat="30.48390307" lon="76.57272804">
        <ele>210.36</ele>
        <time>2025-02-12T12:17:28Z</time>
        <extensions>
          <geotracker:meta c="3.6" s="25.54" />
        </extensions>
      </trkpt>
      <trkpt lat="30.48370914" lon="76.57261475">
        <ele>210.24</ele>
        <time>2025-02-12T12:17:29Z</time>
        <extensions>
          <geotracker:meta c="3.59" s="24.17" />
        </extensions>
      </trkpt>
      <trkpt lat="30.48351383" lon="76.57250137">
        <ele>210.17</ele>
        <time>2025-02-12T12:17:30Z</time>
        <extensions>
          <geotracker:meta c="3.58" s="24.3" />
        </extensions>
      </trkpt>
      <trkpt lat="30.48331466" lon="76.57238898">
        <ele>210.02</ele>
        <time>2025-02-12T12:17:31Z</time>
        <extensions>
          <geotracker:meta c="3.57" s="24.64" />
        </extensions>
      </trkpt>
      <trkpt lat="30.48310884" lon="76.57228554">
        <ele>209.86</ele>
        <time>2025-02-12T12:17:32Z</time>
        <extensions>
          <geotracker:meta c="3.52" s="24.98" />
        </extensions>
      </trkpt>
      <trkpt lat="30.48290052" lon="76.57217673">
        <ele>210.04</ele>
        <time>2025-02-12T12:17:33Z</time>
        <extensions>
          <geotracker:meta c="3.55" s="25.5" />
        </extensions>
      </trkpt>
      <trkpt lat="30.48268897" lon="76.57205935">
        <ele>210.04</ele>
        <time>2025-02-12T12:17:34Z</time>
        <extensions>
          <geotracker:meta c="3.58" s="25.96" />
        </extensions>
      </trkpt>
      <trkpt lat="30.48247733" lon="76.57193827">
        <ele>210.02</ele>
        <time>2025-02-12T12:17:35Z</time>
        <extensions>
          <geotracker:meta c="3.58" s="26.15" />
        </extensions>
      </trkpt>
      <trkpt lat="30.48226899" lon="76.57181425">
        <ele>209.87</ele>
        <time>2025-02-12T12:17:36Z</time>
        <extensions>
          <geotracker:meta c="3.58" s="26.06" />
        </extensions>
      </trkpt>
      <trkpt lat="30.48205938" lon="76.57168983">
        <ele>209.97</ele>
        <time>2025-02-12T12:17:37Z</time>
        <extensions>
          <geotracker:meta c="3.6" s="25.87" />
        </extensions>
      </trkpt>
      <trkpt lat="30.48185732" lon="76.57157093">
        <ele>210.04</ele>
        <time>2025-02-12T12:17:38Z</time>
        <extensions>
          <geotracker:meta c="3.58" s="25.15" />
        </extensions>
      </trkpt>
      <trkpt lat="30.48165912" lon="76.57145339">
        <ele>210.08</ele>
        <time>2025-02-12T12:17:39Z</time>
        <extensions>
          <geotracker:meta c="3.59" s="24.75" />
        </extensions>
      </trkpt>
      <trkpt lat="30.48146008" lon="76.57133589">
        <ele>210.02</ele>
        <time>2025-02-12T12:17:40Z</time>
        <extensions>
          <geotracker:meta c="3.58" s="24.95" />
        </extensions>
      </trkpt>
      <trkpt lat="30.48125846" lon="76.5712157">
        <ele>209.92</ele>
        <time>2025-02-12T12:17:41Z</time>
        <extensions>
          <geotracker:meta c="3.62" s="25.17" />
        </extensions>
      </trkpt>
      <trkpt lat="30.48106047" lon="76.57108688">
        <ele>209.63</ele>
        <time>2025-02-12T12:17:42Z</time>
        <extensions>
          <geotracker:meta c="3.64" s="25.18" />
        </extensions>
      </trkpt>
      <trkpt lat="30.4808665" lon="76.5709622">
        <ele>209.73</ele>
        <time>2025-02-12T12:17:43Z</time>
        <extensions>
          <geotracker:meta c="3.65" s="24.68" />
        </extensions>
      </trkpt>
      <trkpt lat="30.48067652" lon="76.57084237">
        <ele>209.48</ele>
        <time>2025-02-12T12:17:44Z</time>
        <extensions>
          <geotracker:meta c="3.64" s="24.17" />
        </extensions>
      </trkpt>
      <trkpt lat="30.48048292" lon="76.57072367">
        <ele>209.4</ele>
        <time>2025-02-12T12:17:45Z</time>
        <extensions>
          <geotracker:meta c="3.63" s="24.25" />
        </extensions>
      </trkpt>
      <trkpt lat="30.48028943" lon="76.57061044">
        <ele>209.45</ele>
        <time>2025-02-12T12:17:46Z</time>
        <extensions>
          <geotracker:meta c="3.63" s="24.02" />
        </extensions>
      </trkpt>
      <trkpt lat="30.48009925" lon="76.57049961">
        <ele>209.39</ele>
        <time>2025-02-12T12:17:47Z</time>
        <extensions>
          <geotracker:meta c="3.61" s="23.67" />
        </extensions>
      </trkpt>
      <trkpt lat="30.47991029" lon="76.57038939">
        <ele>209.48</ele>
        <time>2025-02-12T12:17:48Z</time>
        <extensions>
          <geotracker:meta c="3.61" s="23.37" />
        </extensions>
      </trkpt>
      <trkpt lat="30.47972502" lon="76.57027981">
        <ele>209.34</ele>
        <time>2025-02-12T12:17:49Z</time>
        <extensions>
          <geotracker:meta c="3.61" s="23.22" />
        </extensions>
      </trkpt>
      <trkpt lat="30.47953747" lon="76.57016828">
        <ele>209.49</ele>
        <time>2025-02-12T12:17:50Z</time>
        <extensions>
          <geotracker:meta c="3.62" s="23.22" />
        </extensions>
      </trkpt>
      <trkpt lat="30.4793498" lon="76.5700588">
        <ele>209.43</ele>
        <time>2025-02-12T12:17:51Z</time>
        <extensions>
          <geotracker:meta c="3.61" s="23.32" />
        </extensions>
      </trkpt>
      <trkpt lat="30.47916124" lon="76.5699467">
        <ele>209.43</ele>
        <time>2025-02-12T12:17:52Z</time>
        <extensions>
          <geotracker:meta c="3.61" s="23.42" />
        </extensions>
      </trkpt>
      <trkpt lat="30.47897053" lon="76.56983471">
        <ele>209.51</ele>
        <time>2025-02-12T12:17:53Z</time>
        <extensions>
          <geotracker:meta c="3.61" s="23.65" />
        </extensions>
      </trkpt>
      <trkpt lat="30.4787741" lon="76.56972297">
        <ele>209.41</ele>
        <time>2025-02-12T12:17:54Z</time>
        <extensions>
          <geotracker:meta c="3.6" s="24.09" />
        </extensions>
      </trkpt>
      <trkpt lat="30.47857365" lon="76.56961357">
        <ele>209.27</ele>
        <time>2025-02-12T12:17:55Z</time>
        <extensions>
          <geotracker:meta c="3.59" s="24.61" />
        </extensions>
      </trkpt>
      <trkpt lat="30.47836752" lon="76.56950479">
        <ele>209.4</ele>
        <time>2025-02-12T12:17:56Z</time>
        <extensions>
          <geotracker:meta c="3.57" s="25.07" />
        </extensions>
      </trkpt>
      <trkpt lat="30.47815821" lon="76.56939442">
        <ele>209.37</ele>
        <time>2025-02-12T12:17:57Z</time>
        <extensions>
          <geotracker:meta c="3.58" s="25.52" />
        </extensions>
      </trkpt>
      <trkpt lat="30.47794715" lon="76.56927644">
        <ele>209.36</ele>
        <time>2025-02-12T12:17:58Z</time>
        <extensions>
          <geotracker:meta c="3.6" s="25.95" />
        </extensions>
      </trkpt>
      <trkpt lat="30.47773412" lon="76.56915334">
        <ele>209.46</ele>
        <time>2025-02-12T12:17:59Z</time>
        <extensions>
          <geotracker:meta c="3.62" s="26.41" />
        </extensions>
      </trkpt>
      <trkpt lat="30.47751984" lon="76.56902468">
        <ele>209.53</ele>
        <time>2025-02-12T12:18:00Z</time>
        <extensions>
          <geotracker:meta c="3.62" s="26.82" />
        </extensions>
      </trkpt>
      <trkpt lat="30.47730584" lon="76.56889558">
        <ele>209.48</ele>
        <time>2025-02-12T12:18:01Z</time>
        <extensions>
          <geotracker:meta c="3.63" s="26.75" />
        </extensions>
      </trkpt>
      <trkpt lat="30.4770978" lon="76.56876891">
        <ele>209.51</ele>
        <time>2025-02-12T12:18:02Z</time>
        <extensions>
          <geotracker:meta c="3.62" s="26.17" />
        </extensions>
      </trkpt>
      <trkpt lat="30.47690018" lon="76.56864283">
        <ele>209.1</ele>
        <time>2025-02-12T12:18:03Z</time>
        <extensions>
          <geotracker:meta c="3.63" s="24.96" />
        </extensions>
      </trkpt>
      <trkpt lat="30.47670426" lon="76.56851669">
        <ele>209.59</ele>
        <time>2025-02-12T12:18:04Z</time>
        <extensions>
          <geotracker:meta c="3.64" s="24.88" />
        </extensions>
      </trkpt>
      <trkpt lat="30.47650259" lon="76.5683973">
        <ele>209.67</ele>
        <time>2025-02-12T12:18:05Z</time>
        <extensions>
          <geotracker:meta c="3.62" s="25.3" />
        </extensions>
      </trkpt>
      <trkpt lat="30.47629577" lon="76.5682799">
        <ele>209.89</ele>
        <time>2025-02-12T12:18:06Z</time>
        <extensions>
          <geotracker:meta c="3.59" s="25.88" />
        </extensions>
      </trkpt>
      <trkpt lat="30.47608813" lon="76.56816643">
        <ele>209.68</ele>
        <time>2025-02-12T12:18:07Z</time>
        <extensions>
          <geotracker:meta c="3.57" s="25.51" />
        </extensions>
      </trkpt>
      <trkpt lat="30.4758788" lon="76.56805135">
        <ele>209.91</ele>
        <time>2025-02-12T12:18:08Z</time>
        <extensions>
          <geotracker:meta c="3.57" s="25.91" />
        </extensions>
      </trkpt>
      <trkpt lat="30.47566408" lon="76.56793653">
        <ele>210.39</ele>
        <time>2025-02-12T12:18:09Z</time>
        <extensions>
          <geotracker:meta c="3.57" s="26.49" />
        </extensions>
      </trkpt>
      <trkpt lat="30.47544227" lon="76.56781968">
        <ele>211.13</ele>
        <time>2025-02-12T12:18:10Z</time>
        <extensions>
          <geotracker:meta c="3.56" s="27.16" />
        </extensions>
      </trkpt>
      <trkpt lat="30.47522077" lon="76.56771235">
        <ele>212.05</ele>
        <time>2025-02-12T12:18:11Z</time>
        <extensions>
          <geotracker:meta c="3.53" s="27.25" />
        </extensions>
      </trkpt>
      <trkpt lat="30.47499095" lon="76.56761024">
        <ele>212.12</ele>
        <time>2025-02-12T12:18:12Z</time>
        <extensions>
          <geotracker:meta c="3.49" s="27.64" />
        </extensions>
      </trkpt>
      <trkpt lat="30.47475364" lon="76.56751895">
        <ele>212.59</ele>
        <time>2025-02-12T12:18:13Z</time>
        <extensions>
          <geotracker:meta c="3.44" s="27.93" />
        </extensions>
      </trkpt>
      <trkpt lat="30.47451123" lon="76.56743041">
        <ele>212.12</ele>
        <time>2025-02-12T12:18:14Z</time>
        <extensions>
          <geotracker:meta c="3.43" s="28.3" />
        </extensions>
      </trkpt>
      <trkpt lat="30.47426539" lon="76.5673682">
        <ele>214.02</ele>
        <time>2025-02-12T12:18:15Z</time>
        <extensions>
          <geotracker:meta c="3.34" s="28.23" />
        </extensions>
      </trkpt>
      <trkpt lat="30.47401571" lon="76.56730438">
        <ele>214.63</ele>
        <time>2025-02-12T12:18:16Z</time>
        <extensions>
          <geotracker:meta c="3.35" s="28.33" />
        </extensions>
      </trkpt>
      <trkpt lat="30.47376123" lon="76.56724954">
        <ele>215.48</ele>
        <time>2025-02-12T12:18:17Z</time>
        <extensions>
          <geotracker:meta c="3.3" s="28.5" />
        </extensions>
      </trkpt>
      <trkpt lat="30.47350768" lon="76.56720457">
        <ele>215.97</ele>
        <time>2025-02-12T12:18:18Z</time>
        <extensions>
          <geotracker:meta c="3.28" s="28.51" />
        </extensions>
      </trkpt>
      <trkpt lat="30.47325283" lon="76.56717189">
        <ele>216.6</ele>
        <time>2025-02-12T12:18:19Z</time>
        <extensions>
          <geotracker:meta c="3.24" s="28.35" />
        </extensions>
      </trkpt>
      <trkpt lat="30.47300021" lon="76.56715555">
        <ele>217.47</ele>
        <time>2025-02-12T12:18:20Z</time>
        <extensions>
          <geotracker:meta c="3.2" s="28.14" />
        </extensions>
      </trkpt>
      <trkpt lat="30.4727486" lon="76.56715074">
        <ele>218.37</ele>
        <time>2025-02-12T12:18:21Z</time>
        <extensions>
          <geotracker:meta c="3.16" s="27.96" />
        </extensions>
      </trkpt>
      <trkpt lat="30.47250173" lon="76.56715714">
        <ele>219.35</ele>
        <time>2025-02-12T12:18:22Z</time>
        <extensions>
          <geotracker:meta c="3.11" s="27.71" />
        </extensions>
      </trkpt>
      <trkpt lat="30.47225866" lon="76.567179">
        <ele>220.2</ele>
        <time>2025-02-12T12:18:23Z</time>
        <extensions>
          <geotracker:meta c="3.06" s="27.09" />
        </extensions>
      </trkpt>
      <trkpt lat="30.47203502" lon="76.5672097">
        <ele>220.9</ele>
        <time>2025-02-12T12:18:24Z</time>
        <extensions>
          <geotracker:meta c="3" s="25.29" />
        </extensions>
      </trkpt>
      <trkpt lat="30.47183023" lon="76.56724658">
        <ele>221.41</ele>
        <time>2025-02-12T12:18:25Z</time>
        <extensions>
          <geotracker:meta c="3.01" s="23.14" />
        </extensions>
      </trkpt>
      <trkpt lat="30.47164115" lon="76.56729195">
        <ele>221.77</ele>
        <time>2025-02-12T12:18:26Z</time>
        <extensions>
          <geotracker:meta c="2.86" s="21.41" />
        </extensions>
      </trkpt>
      <trkpt lat="30.47147047" lon="76.56733841">
        <ele>221.98</ele>
        <time>2025-02-12T12:18:27Z</time>
        <extensions>
          <geotracker:meta c="2.85" s="19.42" />
        </extensions>
      </trkpt>
      <trkpt lat="30.47132166" lon="76.56738582">
        <ele>222.39</ele>
        <time>2025-02-12T12:18:28Z</time>
        <extensions>
          <geotracker:meta c="2.85" s="16.83" />
        </extensions>
      </trkpt>
      <trkpt lat="30.47119366" lon="76.56743735">
        <ele>222.86</ele>
        <time>2025-02-12T12:18:29Z</time>
        <extensions>
          <geotracker:meta c="2.76" s="15.09" />
        </extensions>
      </trkpt>
      <trkpt lat="30.47106613" lon="76.56749992">
        <ele>223.17</ele>
        <time>2025-02-12T12:18:30Z</time>
        <extensions>
          <geotracker:meta c="2.75" s="15" />
        </extensions>
      </trkpt>
      <trkpt lat="30.47093301" lon="76.56755605">
        <ele>223.29</ele>
        <time>2025-02-12T12:18:31Z</time>
        <extensions>
          <geotracker:meta c="2.8" s="15.5" />
        </extensions>
      </trkpt>
      <trkpt lat="30.47079333" lon="76.5676071">
        <ele>223.42</ele>
        <time>2025-02-12T12:18:32Z</time>
        <extensions>
          <geotracker:meta c="2.84" s="16" />
        </extensions>
      </trkpt>
      <trkpt lat="30.47064769" lon="76.56765956">
        <ele>223.39</ele>
        <time>2025-02-12T12:18:33Z</time>
        <extensions>
          <geotracker:meta c="2.84" s="16.54" />
        </extensions>
      </trkpt>
      <trkpt lat="30.47049893" lon="76.56771047">
        <ele>223.25</ele>
        <time>2025-02-12T12:18:34Z</time>
        <extensions>
          <geotracker:meta c="2.84" s="17.04" />
        </extensions>
      </trkpt>
      <trkpt lat="30.47034374" lon="76.56775917">
        <ele>223.08</ele>
        <time>2025-02-12T12:18:35Z</time>
        <extensions>
          <geotracker:meta c="2.87" s="17.68" />
        </extensions>
      </trkpt>
      <trkpt lat="30.47018193" lon="76.5678031">
        <ele>223.1</ele>
        <time>2025-02-12T12:18:36Z</time>
        <extensions>
          <geotracker:meta c="2.88" s="18.26" />
        </extensions>
      </trkpt>
      <trkpt lat="30.47001863" lon="76.56785373">
        <ele>223.2</ele>
        <time>2025-02-12T12:18:37Z</time>
        <extensions>
          <geotracker:meta c="2.87" s="18.88" />
        </extensions>
      </trkpt>
      <trkpt lat="30.46984989" lon="76.56790952">
        <ele>222.91</ele>
        <time>2025-02-12T12:18:38Z</time>
        <extensions>
          <geotracker:meta c="2.87" s="19.52" />
        </extensions>
      </trkpt>
      <trkpt lat="30.46967504" lon="76.56797128">
        <ele>222.5</ele>
        <time>2025-02-12T12:18:39Z</time>
        <extensions>
          <geotracker:meta c="2.86" s="20.28" />
        </extensions>
      </trkpt>
      <trkpt lat="30.46949344" lon="76.56803424">
        <ele>222.03</ele>
        <time>2025-02-12T12:18:40Z</time>
        <extensions>
          <geotracker:meta c="2.85" s="21.02" />
        </extensions>
      </trkpt>
      <trkpt lat="30.46930596" lon="76.56810082">
        <ele>221.61</ele>
        <time>2025-02-12T12:18:41Z</time>
        <extensions>
          <geotracker:meta c="2.86" s="21.74" />
        </extensions>
      </trkpt>
      <trkpt lat="30.46911327" lon="76.56817195">
        <ele>220.92</ele>
        <time>2025-02-12T12:18:42Z</time>
        <extensions>
          <geotracker:meta c="2.9" s="22.44" />
        </extensions>
      </trkpt>
      <trkpt lat="30.46891354" lon="76.56824343">
        <ele>220.31</ele>
        <time>2025-02-12T12:18:43Z</time>
        <extensions>
          <geotracker:meta c="2.88" s="23.13" />
        </extensions>
      </trkpt>
      <trkpt lat="30.46870943" lon="76.56832072">
        <ele>219.74</ele>
        <time>2025-02-12T12:18:44Z</time>
        <extensions>
          <geotracker:meta c="2.87" s="23.8" />
        </extensions>
      </trkpt>
      <trkpt lat="30.46849921" lon="76.56839684">
        <ele>219.28</ele>
        <time>2025-02-12T12:18:45Z</time>
        <extensions>
          <geotracker:meta c="2.86" s="24.45" />
        </extensions>
      </trkpt>
      <trkpt lat="30.46828408" lon="76.56847957">
        <ele>218.6</ele>
        <time>2025-02-12T12:18:46Z</time>
        <extensions>
          <geotracker:meta c="2.84" s="25.16" />
        </extensions>
      </trkpt>
      <trkpt lat="30.46806348" lon="76.56856845">
        <ele>218.04</ele>
        <time>2025-02-12T12:18:47Z</time>
        <extensions>
          <geotracker:meta c="2.83" s="25.89" />
        </extensions>
      </trkpt>
      <trkpt lat="30.46783672" lon="76.5686589">
        <ele>217.43</ele>
        <time>2025-02-12T12:18:48Z</time>
        <extensions>
          <geotracker:meta c="2.83" s="26.59" />
        </extensions>
      </trkpt>
      <trkpt lat="30.46760431" lon="76.56875045">
        <ele>216.92</ele>
        <time>2025-02-12T12:18:49Z</time>
        <extensions>
          <geotracker:meta c="2.84" s="27.19" />
        </extensions>
      </trkpt>
      <trkpt lat="30.46737153" lon="76.56883998">
        <ele>216.15</ele>
        <time>2025-02-12T12:18:50Z</time>
        <extensions>
          <geotracker:meta c="2.84" s="27.31" />
        </extensions>
      </trkpt>
      <trkpt lat="30.46713669" lon="76.5689288">
        <ele>215.68</ele>
        <time>2025-02-12T12:18:51Z</time>
        <extensions>
          <geotracker:meta c="2.84" s="27.34" />
        </extensions>
      </trkpt>
      <trkpt lat="30.46690411" lon="76.56901526">
        <ele>214.99</ele>
        <time>2025-02-12T12:18:52Z</time>
        <extensions>
          <geotracker:meta c="2.84" s="27.18" />
        </extensions>
      </trkpt>
      <trkpt lat="30.46667773" lon="76.56909826">
        <ele>214.68</ele>
        <time>2025-02-12T12:18:53Z</time>
        <extensions>
          <geotracker:meta c="2.84" s="26.41" />
        </extensions>
      </trkpt>
      <trkpt lat="30.46646918" lon="76.56917304">
        <ele>214.5</ele>
        <time>2025-02-12T12:18:54Z</time>
        <extensions>
          <geotracker:meta c="2.8" s="24.35" />
        </extensions>
      </trkpt>
      <trkpt lat="30.46628081" lon="76.56923693">
        <ele>214.41</ele>
        <time>2025-02-12T12:18:55Z</time>
        <extensions>
          <geotracker:meta c="2.85" s="21.92" />
        </extensions>
      </trkpt>
      <trkpt lat="30.46611401" lon="76.56929289">
        <ele>214.57</ele>
        <time>2025-02-12T12:18:56Z</time>
        <extensions>
          <geotracker:meta c="2.86" s="19.62" />
        </extensions>
      </trkpt>
      <trkpt lat="30.46595079" lon="76.56934963">
        <ele>214.86</ele>
        <time>2025-02-12T12:18:57Z</time>
        <extensions>
          <geotracker:meta c="2.87" s="19.07" />
        </extensions>
      </trkpt>
      <trkpt lat="30.46578414" lon="76.56940536">
        <ele>215.23</ele>
        <time>2025-02-12T12:18:58Z</time>
        <extensions>
          <geotracker:meta c="2.87" s="19.45" />
        </extensions>
      </trkpt>
      <trkpt lat="30.4656106" lon="76.56946316">
        <ele>215.52</ele>
        <time>2025-02-12T12:18:59Z</time>
        <extensions>
          <geotracker:meta c="2.86" s="19.99" />
        </extensions>
      </trkpt>
      <trkpt lat="30.46543618" lon="76.56952488">
        <ele>215.89</ele>
        <time>2025-02-12T12:19:00Z</time>
        <extensions>
          <geotracker:meta c="2.85" s="20.48" />
        </extensions>
      </trkpt>
      <trkpt lat="30.4652553" lon="76.56958921">
        <ele>215.84</ele>
        <time>2025-02-12T12:19:01Z</time>
        <extensions>
          <geotracker:meta c="2.84" s="20.97" />
        </extensions>
      </trkpt>
      <trkpt lat="30.4650724" lon="76.56965531">
        <ele>215.74</ele>
        <time>2025-02-12T12:19:02Z</time>
        <extensions>
          <geotracker:meta c="2.83" s="21.47" />
        </extensions>
      </trkpt>
      <trkpt lat="30.46488552" lon="76.5697285">
        <ele>216.1</ele>
        <time>2025-02-12T12:19:03Z</time>
        <extensions>
          <geotracker:meta c="2.8" s="21.99" />
        </extensions>
      </trkpt>
      <trkpt lat="30.46469494" lon="76.56980657">
        <ele>216.31</ele>
        <time>2025-02-12T12:19:04Z</time>
        <extensions>
          <geotracker:meta c="2.8" s="22.51" />
        </extensions>
      </trkpt>
      <trkpt lat="30.46450128" lon="76.56988742">
        <ele>216.44</ele>
        <time>2025-02-12T12:19:05Z</time>
        <extensions>
          <geotracker:meta c="2.8" s="22.98" />
        </extensions>
      </trkpt>
      <trkpt lat="30.46430087" lon="76.56996884">
        <ele>216.52</ele>
        <time>2025-02-12T12:19:06Z</time>
        <extensions>
          <geotracker:meta c="2.81" s="23.4" />
        </extensions>
      </trkpt>
      <trkpt lat="30.46409402" lon="76.57005176">
        <ele>216.53</ele>
        <time>2025-02-12T12:19:07Z</time>
        <extensions>
          <geotracker:meta c="2.81" s="23.74" />
        </extensions>
      </trkpt>
      <trkpt lat="30.46389002" lon="76.57013695">
        <ele>216.77</ele>
        <time>2025-02-12T12:19:08Z</time>
        <extensions>
          <geotracker:meta c="2.8" s="24.2" />
        </extensions>
      </trkpt>
      <trkpt lat="30.46368015" lon="76.57022333">
        <ele>216.55</ele>
        <time>2025-02-12T12:19:09Z</time>
        <extensions>
          <geotracker:meta c="2.79" s="24.52" />
        </extensions>
      </trkpt>
      <trkpt lat="30.46346835" lon="76.57030992">
        <ele>216.43</ele>
        <time>2025-02-12T12:19:10Z</time>
        <extensions>
          <geotracker:meta c="2.8" s="24.69" />
        </extensions>
      </trkpt>
      <trkpt lat="30.46325324" lon="76.57038939">
        <ele>216.53</ele>
        <time>2025-02-12T12:19:11Z</time>
        <extensions>
          <geotracker:meta c="2.82" s="25.1" />
        </extensions>
      </trkpt>
      <trkpt lat="30.46303333" lon="76.57047252">
        <ele>216.72</ele>
        <time>2025-02-12T12:19:12Z</time>
        <extensions>
          <geotracker:meta c="2.83" s="25.57" />
        </extensions>
      </trkpt>
      <trkpt lat="30.46280984" lon="76.57055491">
        <ele>217.15</ele>
        <time>2025-02-12T12:19:13Z</time>
        <extensions>
          <geotracker:meta c="2.84" s="25.93" />
        </extensions>
      </trkpt>
      <trkpt lat="30.46258404" lon="76.57063751">
        <ele>217.72</ele>
        <time>2025-02-12T12:19:14Z</time>
        <extensions>
          <geotracker:meta c="2.84" s="26.25" />
        </extensions>
      </trkpt>
      <trkpt lat="30.46235572" lon="76.57072161">
        <ele>218.28</ele>
        <time>2025-02-12T12:19:15Z</time>
        <extensions>
          <geotracker:meta c="2.84" s="26.5" />
        </extensions>
      </trkpt>
      <trkpt lat="30.46212539" lon="76.57080653">
        <ele>218.76</ele>
        <time>2025-02-12T12:19:16Z</time>
        <extensions>
          <geotracker:meta c="2.84" s="26.76" />
        </extensions>
      </trkpt>
      <trkpt lat="30.46189255" lon="76.57088913">
        <ele>219.53</ele>
        <time>2025-02-12T12:19:17Z</time>
        <extensions>
          <geotracker:meta c="2.85" s="26.96" />
        </extensions>
      </trkpt>
      <trkpt lat="30.46166117" lon="76.57097328">
        <ele>220.22</ele>
        <time>2025-02-12T12:19:18Z</time>
        <extensions>
          <geotracker:meta c="2.84" s="26.9" />
        </extensions>
      </trkpt>
      <trkpt lat="30.46142981" lon="76.57105825">
        <ele>220.8</ele>
        <time>2025-02-12T12:19:19Z</time>
        <extensions>
          <geotracker:meta c="2.84" s="26.94" />
        </extensions>
      </trkpt>
      <trkpt lat="30.46119781" lon="76.57114181">
        <ele>221.47</ele>
        <time>2025-02-12T12:19:20Z</time>
        <extensions>
          <geotracker:meta c="2.84" s="26.81" />
        </extensions>
      </trkpt>
      <trkpt lat="30.46097044" lon="76.57122171">
        <ele>221.98</ele>
        <time>2025-02-12T12:19:21Z</time>
        <extensions>
          <geotracker:meta c="2.84" s="26.27" />
        </extensions>
      </trkpt>
      <trkpt lat="30.46075511" lon="76.5712972">
        <ele>222.71</ele>
        <time>2025-02-12T12:19:22Z</time>
        <extensions>
          <geotracker:meta c="2.85" s="25.2" />
        </extensions>
      </trkpt>
      <trkpt lat="30.46054691" lon="76.57136845">
        <ele>223.39</ele>
        <time>2025-02-12T12:19:23Z</time>
        <extensions>
          <geotracker:meta c="2.85" s="24.06" />
        </extensions>
      </trkpt>
      <trkpt lat="30.46034873" lon="76.57143659">
        <ele>223.69</ele>
        <time>2025-02-12T12:19:24Z</time>
        <extensions>
          <geotracker:meta c="2.85" s="22.96" />
        </extensions>
      </trkpt>
      <trkpt lat="30.46016084" lon="76.57149455">
        <ele>223.77</ele>
        <time>2025-02-12T12:19:25Z</time>
        <extensions>
          <geotracker:meta c="2.9" s="21.96" />
        </extensions>
      </trkpt>
      <trkpt lat="30.45997344" lon="76.57153607">
        <ele>223.91</ele>
        <time>2025-02-12T12:19:26Z</time>
        <extensions>
          <geotracker:meta c="2.97" s="21.26" />
        </extensions>
      </trkpt>
      <trkpt lat="30.45978981" lon="76.57155138">
        <ele>223.86</ele>
        <time>2025-02-12T12:19:27Z</time>
        <extensions>
          <geotracker:meta c="3.15" s="20.54" />
        </extensions>
      </trkpt>
      <trkpt lat="30.45961041" lon="76.57153621">
        <ele>223.83</ele>
        <time>2025-02-12T12:19:28Z</time>
        <extensions>
          <geotracker:meta c="3.33" s="19.96" />
        </extensions>
      </trkpt>
      <trkpt lat="30.45943477" lon="76.57148933">
        <ele>223.68</ele>
        <time>2025-02-12T12:19:29Z</time>
        <extensions>
          <geotracker:meta c="3.47" s="20.18" />
        </extensions>
      </trkpt>
      <trkpt lat="30.45926187" lon="76.57140724">
        <ele>223.59</ele>
        <time>2025-02-12T12:19:30Z</time>
        <extensions>
          <geotracker:meta c="3.58" s="21.06" />
        </extensions>
      </trkpt>
      <trkpt lat="30.45909896" lon="76.57130204">
        <ele>223.38</ele>
        <time>2025-02-12T12:19:31Z</time>
        <extensions>
          <geotracker:meta c="3.72" s="21.23" />
        </extensions>
      </trkpt>
      <trkpt lat="30.45894574" lon="76.57117059">
        <ele>223.22</ele>
        <time>2025-02-12T12:19:32Z</time>
        <extensions>
          <geotracker:meta c="3.84" s="21.32" />
        </extensions>
      </trkpt>
      <trkpt lat="30.45880012" lon="76.57102592">
        <ele>222.93</ele>
        <time>2025-02-12T12:19:33Z</time>
        <extensions>
          <geotracker:meta c="3.89" s="21.65" />
        </extensions>
      </trkpt>
      <trkpt lat="30.45865232" lon="76.57087178">
        <ele>222.51</ele>
        <time>2025-02-12T12:19:34Z</time>
        <extensions>
          <geotracker:meta c="3.9" s="22.35" />
        </extensions>
      </trkpt>
      <trkpt lat="30.45850068" lon="76.57071327">
        <ele>222.06</ele>
        <time>2025-02-12T12:19:35Z</time>
        <extensions>
          <geotracker:meta c="3.9" s="22.62" />
        </extensions>
      </trkpt>
      <trkpt lat="30.45835268" lon="76.57054762">
        <ele>221.23</ele>
        <time>2025-02-12T12:19:36Z</time>
        <extensions>
          <geotracker:meta c="3.91" s="23.26" />
        </extensions>
      </trkpt>
      <trkpt lat="30.45819963" lon="76.57037139">
        <ele>220.38</ele>
        <time>2025-02-12T12:19:37Z</time>
        <extensions>
          <geotracker:meta c="3.92" s="23.95" />
        </extensions>
      </trkpt>
      <trkpt lat="30.45804347" lon="76.57019352">
        <ele>219.61</ele>
        <time>2025-02-12T12:19:38Z</time>
        <extensions>
          <geotracker:meta c="3.91" s="24.62" />
        </extensions>
      </trkpt>
      <trkpt lat="30.45787765" lon="76.57001348">
        <ele>218.63</ele>
        <time>2025-02-12T12:19:39Z</time>
        <extensions>
          <geotracker:meta c="3.91" s="25.28" />
        </extensions>
      </trkpt>
      <trkpt lat="30.45771101" lon="76.56982735">
        <ele>217.8</ele>
        <time>2025-02-12T12:19:40Z</time>
        <extensions>
          <geotracker:meta c="3.91" s="25.64" />
        </extensions>
      </trkpt>
      <trkpt lat="30.45754811" lon="76.56963981">
        <ele>217.25</ele>
        <time>2025-02-12T12:19:41Z</time>
        <extensions>
          <geotracker:meta c="3.92" s="25.92" />
        </extensions>
      </trkpt>
      <trkpt lat="30.45738128" lon="76.56945148">
        <ele>216.64</ele>
        <time>2025-02-12T12:19:42Z</time>
        <extensions>
          <geotracker:meta c="3.92" s="26.18" />
        </extensions>
      </trkpt>
      <trkpt lat="30.45721095" lon="76.56925747">
        <ele>216.04</ele>
        <time>2025-02-12T12:19:43Z</time>
        <extensions>
          <geotracker:meta c="3.92" s="26.27" />
        </extensions>
      </trkpt>
      <trkpt lat="30.45704695" lon="76.56906814">
        <ele>215.55</ele>
        <time>2025-02-12T12:19:44Z</time>
        <extensions>
          <geotracker:meta c="3.91" s="25.88" />
        </extensions>
      </trkpt>
      <trkpt lat="30.45689311" lon="76.56888825">
        <ele>215.09</ele>
        <time>2025-02-12T12:19:45Z</time>
        <extensions>
          <geotracker:meta c="3.92" s="24.65" />
        </extensions>
      </trkpt>
      <trkpt lat="30.45674502" lon="76.5687168">
        <ele>215.07</ele>
        <time>2025-02-12T12:19:46Z</time>
        <extensions>
          <geotracker:meta c="3.96" s="23.24" />
        </extensions>
      </trkpt>
      <trkpt lat="30.45660452" lon="76.56854737">
        <ele>215.32</ele>
        <time>2025-02-12T12:19:47Z</time>
        <extensions>
          <geotracker:meta c="3.97" s="22.59" />
        </extensions>
      </trkpt>
      <trkpt lat="30.45647433" lon="76.56838476">
        <ele>215.44</ele>
        <time>2025-02-12T12:19:48Z</time>
        <extensions>
          <geotracker:meta c="3.96" s="21.75" />
        </extensions>
      </trkpt>
      <trkpt lat="30.45634857" lon="76.56822792">
        <ele>215.49</ele>
        <time>2025-02-12T12:19:49Z</time>
        <extensions>
          <geotracker:meta c="3.95" s="20.68" />
        </extensions>
      </trkpt>
      <trkpt lat="30.45622741" lon="76.56808395">
        <ele>215.27</ele>
        <time>2025-02-12T12:19:50Z</time>
        <extensions>
          <geotracker:meta c="3.96" s="19.58" />
        </extensions>
      </trkpt>
      <trkpt lat="30.45610593" lon="76.56794061">
        <ele>214.93</ele>
        <time>2025-02-12T12:19:51Z</time>
        <extensions>
          <geotracker:meta c="3.95" s="19.19" />
        </extensions>
      </trkpt>
      <trkpt lat="30.45598591" lon="76.56780445">
        <ele>215.23</ele>
        <time>2025-02-12T12:19:52Z</time>
        <extensions>
          <geotracker:meta c="3.95" s="18.55" />
        </extensions>
      </trkpt>
      <trkpt lat="30.45587119" lon="76.56766526">
        <ele>214.97</ele>
        <time>2025-02-12T12:19:53Z</time>
        <extensions>
          <geotracker:meta c="3.96" s="18.43" />
        </extensions>
      </trkpt>
      <trkpt lat="30.45575831" lon="76.56752751">
        <ele>214.74</ele>
        <time>2025-02-12T12:19:54Z</time>
        <extensions>
          <geotracker:meta c="3.95" s="18.51" />
        </extensions>
      </trkpt>
      <trkpt lat="30.45563917" lon="76.56739401">
        <ele>214.88</ele>
        <time>2025-02-12T12:19:55Z</time>
        <extensions>
          <geotracker:meta c="3.92" s="18.54" />
        </extensions>
      </trkpt>
      <trkpt lat="30.45552276" lon="76.56726526">
        <ele>214.83</ele>
        <time>2025-02-12T12:19:56Z</time>
        <extensions>
          <geotracker:meta c="3.92" s="17.88" />
        </extensions>
      </trkpt>
      <trkpt lat="30.45541941" lon="76.56714601">
        <ele>214.81</ele>
        <time>2025-02-12T12:19:57Z</time>
        <extensions>
          <geotracker:meta c="3.91" s="16.54" />
        </extensions>
      </trkpt>
      <trkpt lat="30.45532044" lon="76.5670358">
        <ele>214.93</ele>
        <time>2025-02-12T12:19:58Z</time>
        <extensions>
          <geotracker:meta c="3.91" s="15.35" />
        </extensions>
      </trkpt>
      <trkpt lat="30.45522355" lon="76.56692458">
        <ele>214.73</ele>
        <time>2025-02-12T12:19:59Z</time>
        <extensions>
          <geotracker:meta c="3.91" s="14.98" />
        </extensions>
      </trkpt>
      <trkpt lat="30.45512738" lon="76.56681333">
        <ele>214.6</ele>
        <time>2025-02-12T12:20:00Z</time>
        <extensions>
          <geotracker:meta c="3.93" s="14.89" />
        </extensions>
      </trkpt>
      <trkpt lat="30.4550316" lon="76.56670253">
        <ele>214.4</ele>
        <time>2025-02-12T12:20:01Z</time>
        <extensions>
          <geotracker:meta c="3.93" s="15.36" />
        </extensions>
      </trkpt>
      <trkpt lat="30.45493281" lon="76.56658747">
        <ele>214.19</ele>
        <time>2025-02-12T12:20:02Z</time>
        <extensions>
          <geotracker:meta c="3.97" s="15.53" />
        </extensions>
      </trkpt>
      <trkpt lat="30.45484145" lon="76.56645903">
        <ele>214.14</ele>
        <time>2025-02-12T12:20:03Z</time>
        <extensions>
          <geotracker:meta c="4.01" s="15.94" />
        </extensions>
      </trkpt>
      <trkpt lat="30.45474223" lon="76.56633203">
        <ele>214.29</ele>
        <time>2025-02-12T12:20:04Z</time>
        <extensions>
          <geotracker:meta c="3.97" s="16.43" />
        </extensions>
      </trkpt>
      <trkpt lat="30.45463639" lon="76.56620452">
        <ele>214.33</ele>
        <time>2025-02-12T12:20:05Z</time>
        <extensions>
          <geotracker:meta c="3.93" s="16.92" />
        </extensions>
      </trkpt>
      <trkpt lat="30.4545227" lon="76.56607778">
        <ele>214.24</ele>
        <time>2025-02-12T12:20:06Z</time>
        <extensions>
          <geotracker:meta c="3.91" s="17.4" />
        </extensions>
      </trkpt>
      <trkpt lat="30.45440752" lon="76.56594889">
        <ele>214.23</ele>
        <time>2025-02-12T12:20:07Z</time>
        <extensions>
          <geotracker:meta c="3.9" s="17.9" />
        </extensions>
      </trkpt>
      <trkpt lat="30.45428566" lon="76.56581911">
        <ele>214.15</ele>
        <time>2025-02-12T12:20:08Z</time>
        <extensions>
          <geotracker:meta c="3.9" s="18.42" />
        </extensions>
      </trkpt>
      <trkpt lat="30.45416155" lon="76.56568518">
        <ele>213.79</ele>
        <time>2025-02-12T12:20:09Z</time>
        <extensions>
          <geotracker:meta c="3.89" s="18.92" />
        </extensions>
      </trkpt>
      <trkpt lat="30.45403152" lon="76.5655465">
        <ele>213.81</ele>
        <time>2025-02-12T12:20:10Z</time>
        <extensions>
          <geotracker:meta c="3.9" s="19.38" />
        </extensions>
      </trkpt>
      <trkpt lat="30.45390145" lon="76.56540556">
        <ele>213.87</ele>
        <time>2025-02-12T12:20:11Z</time>
        <extensions>
          <geotracker:meta c="3.9" s="19.74" />
        </extensions>
      </trkpt>
      <trkpt lat="30.45376768" lon="76.56526249">
        <ele>213.88</ele>
        <time>2025-02-12T12:20:12Z</time>
        <extensions>
          <geotracker:meta c="3.89" s="20.04" />
        </extensions>
      </trkpt>
      <trkpt lat="30.45363351" lon="76.56511629">
        <ele>213.59</ele>
        <time>2025-02-12T12:20:13Z</time>
        <extensions>
          <geotracker:meta c="3.88" s="20.45" />
        </extensions>
      </trkpt>
      <trkpt lat="30.45349617" lon="76.56497012">
        <ele>213.56</ele>
        <time>2025-02-12T12:20:14Z</time>
        <extensions>
          <geotracker:meta c="3.88" s="20.69" />
        </extensions>
      </trkpt>
      <trkpt lat="30.4533589" lon="76.56482811">
        <ele>213.48</ele>
        <time>2025-02-12T12:20:15Z</time>
        <extensions>
          <geotracker:meta c="3.88" s="20.72" />
        </extensions>
      </trkpt>
      <trkpt lat="30.45322319" lon="76.56468645">
        <ele>213.34</ele>
        <time>2025-02-12T12:20:16Z</time>
        <extensions>
          <geotracker:meta c="3.87" s="20.09" />
        </extensions>
      </trkpt>
      <trkpt lat="30.45309236" lon="76.56454786">
        <ele>213.58</ele>
        <time>2025-02-12T12:20:17Z</time>
        <extensions>
          <geotracker:meta c="4.32" s="19.28" />
        </extensions>
      </trkpt>
      <trkpt lat="30.45296928" lon="76.56441388">
        <ele>213.83</ele>
        <time>2025-02-12T12:20:18Z</time>
        <extensions>
          <geotracker:meta c="3.91" s="18.62" />
        </extensions>
      </trkpt>
      <trkpt lat="30.45284973" lon="76.564278">
        <ele>213.65</ele>
        <time>2025-02-12T12:20:19Z</time>
        <extensions>
          <geotracker:meta c="3.89" s="17.49" />
        </extensions>
      </trkpt>
      <trkpt lat="30.45273819" lon="76.56415477">
        <ele>213.65</ele>
        <time>2025-02-12T12:20:20Z</time>
        <extensions>
          <geotracker:meta c="3.9" s="16.47" />
        </extensions>
      </trkpt>
      <trkpt lat="30.45263645" lon="76.56403496">
        <ele>213.44</ele>
        <time>2025-02-12T12:20:21Z</time>
        <extensions>
          <geotracker:meta c="3.91" s="16.62" />
        </extensions>
      </trkpt>
      <trkpt lat="30.45252846" lon="76.56391501">
        <ele>213.43</ele>
        <time>2025-02-12T12:20:22Z</time>
        <extensions>
          <geotracker:meta c="3.9" s="16.62" />
        </extensions>
      </trkpt>
      <trkpt lat="30.45241875" lon="76.56379205">
        <ele>213.7</ele>
        <time>2025-02-12T12:20:23Z</time>
        <extensions>
          <geotracker:meta c="3.91" s="17.04" />
        </extensions>
      </trkpt>
      <trkpt lat="30.4523107" lon="76.56367027">
        <ele>213.4</ele>
        <time>2025-02-12T12:20:24Z</time>
        <extensions>
          <geotracker:meta c="3.91" s="17.19" />
        </extensions>
      </trkpt>
      <trkpt lat="30.4521977" lon="76.56354739">
        <ele>213.09</ele>
        <time>2025-02-12T12:20:25Z</time>
        <extensions>
          <geotracker:meta c="3.91" s="17.35" />
        </extensions>
      </trkpt>
      <trkpt lat="30.45208429" lon="76.56342261">
        <ele>213.14</ele>
        <time>2025-02-12T12:20:26Z</time>
        <extensions>
          <geotracker:meta c="3.9" s="17.24" />
        </extensions>
      </trkpt>
      <trkpt lat="30.45197527" lon="76.56330744">
        <ele>213.38</ele>
        <time>2025-02-12T12:20:27Z</time>
        <extensions>
          <geotracker:meta c="3.9" s="16.18" />
        </extensions>
      </trkpt>
      <trkpt lat="30.45186681" lon="76.5631947">
        <ele>212.95</ele>
        <time>2025-02-12T12:20:28Z</time>
        <extensions>
          <geotracker:meta c="3.89" s="15.8" />
        </extensions>
      </trkpt>
      <trkpt lat="30.45176063" lon="76.56308155">
        <ele>212.7</ele>
        <time>2025-02-12T12:20:29Z</time>
        <extensions>
          <geotracker:meta c="3.9" s="15.79" />
        </extensions>
      </trkpt>
      <trkpt lat="30.45165778" lon="76.56296359">
        <ele>212.81</ele>
        <time>2025-02-12T12:20:30Z</time>
        <extensions>
          <geotracker:meta c="3.89" s="15.94" />
        </extensions>
      </trkpt>
      <trkpt lat="30.45155185" lon="76.56285465">
        <ele>212.68</ele>
        <time>2025-02-12T12:20:31Z</time>
        <extensions>
          <geotracker:meta c="3.89" s="15.84" />
        </extensions>
      </trkpt>
      <trkpt lat="30.45145877" lon="76.56275241">
        <ele>212.46</ele>
        <time>2025-02-12T12:20:32Z</time>
        <extensions>
          <geotracker:meta c="3.88" s="14.35" />
        </extensions>
      </trkpt>
      <trkpt lat="30.45137904" lon="76.56266446">
        <ele>212.37</ele>
        <time>2025-02-12T12:20:33Z</time>
        <extensions>
          <geotracker:meta c="3.87" s="12.48" />
        </extensions>
      </trkpt>
      <trkpt lat="30.451302" lon="76.56258971">
        <ele>212.24</ele>
        <time>2025-02-12T12:20:34Z</time>
        <extensions>
          <geotracker:meta c="3.86" s="11.39" />
        </extensions>
      </trkpt>
      <trkpt lat="30.45122676" lon="76.56251371">
        <ele>212.17</ele>
        <time>2025-02-12T12:20:35Z</time>
        <extensions>
          <geotracker:meta c="3.87" s="11.25" />
        </extensions>
      </trkpt>
      <trkpt lat="30.451151" lon="76.56242835">
        <ele>212.46</ele>
        <time>2025-02-12T12:20:36Z</time>
        <extensions>
          <geotracker:meta c="3.88" s="11.73" />
        </extensions>
      </trkpt>
      <trkpt lat="30.4510725" lon="76.5623391">
        <ele>212.89</ele>
        <time>2025-02-12T12:20:37Z</time>
        <extensions>
          <geotracker:meta c="3.89" s="12.21" />
        </extensions>
      </trkpt>
      <trkpt lat="30.45099077" lon="76.56224554">
        <ele>213.61</ele>
        <time>2025-02-12T12:20:38Z</time>
        <extensions>
          <geotracker:meta c="3.89" s="12.73" />
        </extensions>
      </trkpt>
      <trkpt lat="30.45090478" lon="76.56214874">
        <ele>213.62</ele>
        <time>2025-02-12T12:20:39Z</time>
        <extensions>
          <geotracker:meta c="3.91" s="13.2" />
        </extensions>
      </trkpt>
      <trkpt lat="30.45081544" lon="76.56204996">
        <ele>213.69</ele>
        <time>2025-02-12T12:20:40Z</time>
        <extensions>
          <geotracker:meta c="3.93" s="13.61" />
        </extensions>
      </trkpt>
      <trkpt lat="30.45072331" lon="76.56194958">
        <ele>214.19</ele>
        <time>2025-02-12T12:20:41Z</time>
        <extensions>
          <geotracker:meta c="3.73" s="14.16" />
        </extensions>
      </trkpt>
      <trkpt lat="30.45062998" lon="76.56184209">
        <ele>214.45</ele>
        <time>2025-02-12T12:20:42Z</time>
        <extensions>
          <geotracker:meta c="3.91" s="14.89" />
        </extensions>
      </trkpt>
      <trkpt lat="30.45053542" lon="76.56173121">
        <ele>215.03</ele>
        <time>2025-02-12T12:20:43Z</time>
        <extensions>
          <geotracker:meta c="3.9" s="15.44" />
        </extensions>
      </trkpt>
      <trkpt lat="30.45043633" lon="76.56162223">
        <ele>215.75</ele>
        <time>2025-02-12T12:20:44Z</time>
        <extensions>
          <geotracker:meta c="3.89" s="15.52" />
        </extensions>
      </trkpt>
      <trkpt lat="30.45032875" lon="76.56150258">
        <ele>215.52</ele>
        <time>2025-02-12T12:20:45Z</time>
        <extensions>
          <geotracker:meta c="3.92" s="16.52" />
        </extensions>
      </trkpt>
      <trkpt lat="30.45021858" lon="76.56138418">
        <ele>214.54</ele>
        <time>2025-02-12T12:20:46Z</time>
        <extensions>
          <geotracker:meta c="3.9" s="16.49" />
        </extensions>
      </trkpt>
      <trkpt lat="30.45011955" lon="76.56126776">
        <ele>214.26</ele>
        <time>2025-02-12T12:20:47Z</time>
        <extensions>
          <geotracker:meta c="3.92" s="16.06" />
        </extensions>
      </trkpt>
      <trkpt lat="30.45000427" lon="76.56113618">
        <ele>214.39</ele>
        <time>2025-02-12T12:20:48Z</time>
        <extensions>
          <geotracker:meta c="3.93" s="17.67" />
        </extensions>
      </trkpt>
      <trkpt lat="30.44989128" lon="76.56101206">
        <ele>214.86</ele>
        <time>2025-02-12T12:20:49Z</time>
        <extensions>
          <geotracker:meta c="3.9" s="17.2" />
        </extensions>
      </trkpt>
      <trkpt lat="30.44978362" lon="76.56088934">
        <ele>214.4</ele>
        <time>2025-02-12T12:20:50Z</time>
        <extensions>
          <geotracker:meta c="3.91" s="17.02" />
        </extensions>
      </trkpt>
      <trkpt lat="30.44966545" lon="76.56076218">
        <ele>214.18</ele>
        <time>2025-02-12T12:20:51Z</time>
        <extensions>
          <geotracker:meta c="3.9" s="17.88" />
        </extensions>
      </trkpt>
      <trkpt lat="30.44954376" lon="76.56063336">
        <ele>214.08</ele>
        <time>2025-02-12T12:20:52Z</time>
        <extensions>
          <geotracker:meta c="3.89" s="18.36" />
        </extensions>
      </trkpt>
      <trkpt lat="30.44942053" lon="76.56049962">
        <ele>213.68</ele>
        <time>2025-02-12T12:20:53Z</time>
        <extensions>
          <geotracker:meta c="3.89" s="18.94" />
        </extensions>
      </trkpt>
      <trkpt lat="30.44929331" lon="76.56036335">
        <ele>213.4</ele>
        <time>2025-02-12T12:20:54Z</time>
        <extensions>
          <geotracker:meta c="3.9" s="19.03" />
        </extensions>
      </trkpt>
      <trkpt lat="30.44916736" lon="76.56022387">
        <ele>213.34</ele>
        <time>2025-02-12T12:20:55Z</time>
        <extensions>
          <geotracker:meta c="3.96" s="19.53" />
        </extensions>
      </trkpt>
      <trkpt lat="30.44903286" lon="76.56007949">
        <ele>213.3</ele>
        <time>2025-02-12T12:20:56Z</time>
        <extensions>
          <geotracker:meta c="3.76" s="20.02" />
        </extensions>
      </trkpt>
      <trkpt lat="30.44889537" lon="76.55993604">
        <ele>213.08</ele>
        <time>2025-02-12T12:20:57Z</time>
        <extensions>
          <geotracker:meta c="3.9" s="20.76" />
        </extensions>
      </trkpt>
      <trkpt lat="30.44875802" lon="76.55978383">
        <ele>213.04</ele>
        <time>2025-02-12T12:20:58Z</time>
        <extensions>
          <geotracker:meta c="3.9" s="21.25" />
        </extensions>
      </trkpt>
      <trkpt lat="30.44861861" lon="76.55963104">
        <ele>212.74</ele>
        <time>2025-02-12T12:20:59Z</time>
        <extensions>
          <geotracker:meta c="3.91" s="21.7" />
        </extensions>
      </trkpt>
      <trkpt lat="30.44847514" lon="76.55947142">
        <ele>212.43</ele>
        <time>2025-02-12T12:21:00Z</time>
        <extensions>
          <geotracker:meta c="3.91" s="21.77" />
        </extensions>
      </trkpt>
      <trkpt lat="30.44833463" lon="76.55931202">
        <ele>212.3</ele>
        <time>2025-02-12T12:21:01Z</time>
        <extensions>
          <geotracker:meta c="3.93" s="21.91" />
        </extensions>
      </trkpt>
      <trkpt lat="30.44818472" lon="76.55915214">
        <ele>211.93</ele>
        <time>2025-02-12T12:21:02Z</time>
        <extensions>
          <geotracker:meta c="3.9" s="22.11" />
        </extensions>
      </trkpt>
      <trkpt lat="30.44803922" lon="76.55898808">
        <ele>211.91</ele>
        <time>2025-02-12T12:21:03Z</time>
        <extensions>
          <geotracker:meta c="3.92" s="22.44" />
        </extensions>
      </trkpt>
      <trkpt lat="30.44789472" lon="76.55882719">
        <ele>211.79</ele>
        <time>2025-02-12T12:21:04Z</time>
        <extensions>
          <geotracker:meta c="3.91" s="22.3" />
        </extensions>
      </trkpt>
      <trkpt lat="30.44775042" lon="76.5586593">
        <ele>211.6</ele>
        <time>2025-02-12T12:21:05Z</time>
        <extensions>
          <geotracker:meta c="3.91" s="22.57" />
        </extensions>
      </trkpt>
      <trkpt lat="30.44761093" lon="76.55850266">
        <ele>211.69</ele>
        <time>2025-02-12T12:21:06Z</time>
        <extensions>
          <geotracker:meta c="3.91" s="21.93" />
        </extensions>
      </trkpt>
      <trkpt lat="30.44746329" lon="76.55833142">
        <ele>211.72</ele>
        <time>2025-02-12T12:21:07Z</time>
        <extensions>
          <geotracker:meta c="3.91" s="22.52" />
        </extensions>
      </trkpt>
      <trkpt lat="30.44731039" lon="76.55817598">
        <ele>211.97</ele>
        <time>2025-02-12T12:21:08Z</time>
        <extensions>
          <geotracker:meta c="3.89" s="22.69" />
        </extensions>
      </trkpt>
      <trkpt lat="30.44715228" lon="76.55802679">
        <ele>210.82</ele>
        <time>2025-02-12T12:21:09Z</time>
        <extensions>
          <geotracker:meta c="3.89" s="23.07" />
        </extensions>
      </trkpt>
      <trkpt lat="30.44699689" lon="76.55785657">
        <ele>210.27</ele>
        <time>2025-02-12T12:21:10Z</time>
        <extensions>
          <geotracker:meta c="3.89" s="23.32" />
        </extensions>
      </trkpt>
      <trkpt lat="30.44684398" lon="76.55768352">
        <ele>210.39</ele>
        <time>2025-02-12T12:21:11Z</time>
        <extensions>
          <geotracker:meta c="3.9" s="23.39" />
        </extensions>
      </trkpt>
      <trkpt lat="30.44670079" lon="76.55750431">
        <ele>211.04</ele>
        <time>2025-02-12T12:21:12Z</time>
        <extensions>
          <geotracker:meta c="3.91" s="23.63" />
        </extensions>
      </trkpt>
      <trkpt lat="30.44655046" lon="76.55733411">
        <ele>210.17</ele>
        <time>2025-02-12T12:21:13Z</time>
        <extensions>
          <geotracker:meta c="3.92" s="23.2" />
        </extensions>
      </trkpt>
      <trkpt lat="30.44640223" lon="76.55717176">
        <ele>209.53</ele>
        <time>2025-02-12T12:21:14Z</time>
        <extensions>
          <geotracker:meta c="3.91" s="22.6" />
        </extensions>
      </trkpt>
      <trkpt lat="30.44626156" lon="76.55701033">
        <ele>209.49</ele>
        <time>2025-02-12T12:21:15Z</time>
        <extensions>
          <geotracker:meta c="3.92" s="21.27" />
        </extensions>
      </trkpt>
      <trkpt lat="30.44612787" lon="76.55685387">
        <ele>209.13</ele>
        <time>2025-02-12T12:21:16Z</time>
        <extensions>
          <geotracker:meta c="3.92" s="20.81" />
        </extensions>
      </trkpt>
      <trkpt lat="30.44599675" lon="76.55670711">
        <ele>208.59</ele>
        <time>2025-02-12T12:21:17Z</time>
        <extensions>
          <geotracker:meta c="3.93" s="20.37" />
        </extensions>
      </trkpt>
      <trkpt lat="30.44586717" lon="76.55655794">
        <ele>208.77</ele>
        <time>2025-02-12T12:21:18Z</time>
        <extensions>
          <geotracker:meta c="3.92" s="20.09" />
        </extensions>
      </trkpt>
      <trkpt lat="30.44573951" lon="76.55641454">
        <ele>208.92</ele>
        <time>2025-02-12T12:21:19Z</time>
        <extensions>
          <geotracker:meta c="3.91" s="19.73" />
        </extensions>
      </trkpt>
      <trkpt lat="30.44560741" lon="76.55627135">
        <ele>209.04</ele>
        <time>2025-02-12T12:21:20Z</time>
        <extensions>
          <geotracker:meta c="3.9" s="19.78" />
        </extensions>
      </trkpt>
      <trkpt lat="30.44548149" lon="76.55613333">
        <ele>208.7</ele>
        <time>2025-02-12T12:21:21Z</time>
        <extensions>
          <geotracker:meta c="3.9" s="19.05" />
        </extensions>
      </trkpt>
      <trkpt lat="30.4453509" lon="76.5559961">
        <ele>208.72</ele>
        <time>2025-02-12T12:21:22Z</time>
        <extensions>
          <geotracker:meta c="3.87" s="19.59" />
        </extensions>
      </trkpt>
      <trkpt lat="30.44521427" lon="76.555854">
        <ele>208.72</ele>
        <time>2025-02-12T12:21:23Z</time>
        <extensions>
          <geotracker:meta c="3.87" s="20.42" />
        </extensions>
      </trkpt>
      <trkpt lat="30.44507848" lon="76.55570671">
        <ele>208.99</ele>
        <time>2025-02-12T12:21:24Z</time>
        <extensions>
          <geotracker:meta c="3.91" s="21.11" />
        </extensions>
      </trkpt>
      <trkpt lat="30.44493538" lon="76.55555075">
        <ele>208.77</ele>
        <time>2025-02-12T12:21:25Z</time>
        <extensions>
          <geotracker:meta c="3.92" s="21.38" />
        </extensions>
      </trkpt>
      <trkpt lat="30.44479781" lon="76.55538709">
        <ele>208.39</ele>
        <time>2025-02-12T12:21:26Z</time>
        <extensions>
          <geotracker:meta c="3.93" s="21.96" />
        </extensions>
      </trkpt>
      <trkpt lat="30.44466089" lon="76.55522073">
        <ele>208.6</ele>
        <time>2025-02-12T12:21:27Z</time>
        <extensions>
          <geotracker:meta c="3.94" s="21.93" />
        </extensions>
      </trkpt>
      <trkpt lat="30.44451319" lon="76.55505402">
        <ele>208.15</ele>
        <time>2025-02-12T12:21:28Z</time>
        <extensions>
          <geotracker:meta c="3.92" s="22.3" />
        </extensions>
      </trkpt>
      <trkpt lat="30.44436545" lon="76.55489036">
        <ele>208.07</ele>
        <time>2025-02-12T12:21:29Z</time>
        <extensions>
          <geotracker:meta c="3.91" s="22.9" />
        </extensions>
      </trkpt>
      <trkpt lat="30.44421333" lon="76.55472932">
        <ele>208.5</ele>
        <time>2025-02-12T12:21:30Z</time>
        <extensions>
          <geotracker:meta c="3.9" s="23.39" />
        </extensions>
      </trkpt>
      <trkpt lat="30.4440617" lon="76.55456723">
        <ele>209.05</ele>
        <time>2025-02-12T12:21:31Z</time>
        <extensions>
          <geotracker:meta c="3.89" s="22.86" />
        </extensions>
      </trkpt>
      <trkpt lat="30.44390686" lon="76.55440498">
        <ele>208.76</ele>
        <time>2025-02-12T12:21:32Z</time>
        <extensions>
          <geotracker:meta c="3.89" s="22.74" />
        </extensions>
      </trkpt>
      <trkpt lat="30.44376635" lon="76.55425087">
        <ele>209.09</ele>
        <time>2025-02-12T12:21:33Z</time>
        <extensions>
          <geotracker:meta c="3.89" s="21.99" />
        </extensions>
      </trkpt>
      <trkpt lat="30.44362281" lon="76.55409238">
        <ele>208.83</ele>
        <time>2025-02-12T12:21:34Z</time>
        <extensions>
          <geotracker:meta c="3.91" s="22" />
        </extensions>
      </trkpt>
      <trkpt lat="30.44348359" lon="76.55392987">
        <ele>209.04</ele>
        <time>2025-02-12T12:21:35Z</time>
        <extensions>
          <geotracker:meta c="3.94" s="21.86" />
        </extensions>
      </trkpt>
      <trkpt lat="30.44333949" lon="76.55377025">
        <ele>208.93</ele>
        <time>2025-02-12T12:21:36Z</time>
        <extensions>
          <geotracker:meta c="3.9" s="22.15" />
        </extensions>
      </trkpt>
      <trkpt lat="30.44319005" lon="76.55361284">
        <ele>209.38</ele>
        <time>2025-02-12T12:21:37Z</time>
        <extensions>
          <geotracker:meta c="3.87" s="22.61" />
        </extensions>
      </trkpt>
      <trkpt lat="30.44303918" lon="76.55344688">
        <ele>209.76</ele>
        <time>2025-02-12T12:21:38Z</time>
        <extensions>
          <geotracker:meta c="3.9" s="23.16" />
        </extensions>
      </trkpt>
      <trkpt lat="30.44288931" lon="76.55327761">
        <ele>209.68</ele>
        <time>2025-02-12T12:21:39Z</time>
        <extensions>
          <geotracker:meta c="3.91" s="23.36" />
        </extensions>
      </trkpt>
      <trkpt lat="30.44273427" lon="76.55310726">
        <ele>209.71</ele>
        <time>2025-02-12T12:21:40Z</time>
        <extensions>
          <geotracker:meta c="3.9" s="23.61" />
        </extensions>
      </trkpt>
      <trkpt lat="30.44258187" lon="76.55294129">
        <ele>209.42</ele>
        <time>2025-02-12T12:21:41Z</time>
        <extensions>
          <geotracker:meta c="3.92" s="23.51" />
        </extensions>
      </trkpt>
      <trkpt lat="30.442432" lon="76.55277002">
        <ele>209.74</ele>
        <time>2025-02-12T12:21:42Z</time>
        <extensions>
          <geotracker:meta c="3.92" s="23.54" />
        </extensions>
      </trkpt>
      <trkpt lat="30.44228077" lon="76.55260196">
        <ele>209.63</ele>
        <time>2025-02-12T12:21:43Z</time>
        <extensions>
          <geotracker:meta c="3.9" s="23.61" />
        </extensions>
      </trkpt>
      <trkpt lat="30.44212687" lon="76.55243411">
        <ele>209.45</ele>
        <time>2025-02-12T12:21:44Z</time>
        <extensions>
          <geotracker:meta c="3.9" s="23.83" />
        </extensions>
      </trkpt>
      <trkpt lat="30.44196968" lon="76.55225903">
        <ele>209.32</ele>
        <time>2025-02-12T12:21:45Z</time>
        <extensions>
          <geotracker:meta c="3.91" s="24.16" />
        </extensions>
      </trkpt>
      <trkpt lat="30.44181442" lon="76.55208353">
        <ele>209.04</ele>
        <time>2025-02-12T12:21:46Z</time>
        <extensions>
          <geotracker:meta c="3.92" s="24.15" />
        </extensions>
      </trkpt>
      <trkpt lat="30.44165917" lon="76.55190252">
        <ele>208.6</ele>
        <time>2025-02-12T12:21:47Z</time>
        <extensions>
          <geotracker:meta c="3.96" s="24.44" />
        </extensions>
      </trkpt>
      <trkpt lat="30.44150185" lon="76.55172597">
        <ele>208.76</ele>
        <time>2025-02-12T12:21:48Z</time>
        <extensions>
          <geotracker:meta c="3.89" s="24.33" />
        </extensions>
      </trkpt>
      <trkpt lat="30.44135129" lon="76.55156036">
        <ele>209.13</ele>
        <time>2025-02-12T12:21:49Z</time>
        <extensions>
          <geotracker:meta c="3.9" s="23.49" />
        </extensions>
      </trkpt>
      <trkpt lat="30.44120618" lon="76.55140233">
        <ele>209.31</ele>
        <time>2025-02-12T12:21:50Z</time>
        <extensions>
          <geotracker:meta c="3.93" s="22.16" />
        </extensions>
      </trkpt>
      <trkpt lat="30.44107099" lon="76.55125496">
        <ele>209.44</ele>
        <time>2025-02-12T12:21:51Z</time>
        <extensions>
          <geotracker:meta c="3.92" s="20.74" />
        </extensions>
      </trkpt>
      <trkpt lat="30.44094194" lon="76.55111716">
        <ele>209.42</ele>
        <time>2025-02-12T12:21:52Z</time>
        <extensions>
          <geotracker:meta c="3.96" s="19.55" />
        </extensions>
      </trkpt>
      <trkpt lat="30.44081145" lon="76.55098309">
        <ele>209.5</ele>
        <time>2025-02-12T12:21:53Z</time>
        <extensions>
          <geotracker:meta c="3.93" s="19.36" />
        </extensions>
      </trkpt>
      <trkpt lat="30.44067913" lon="76.55083984">
        <ele>209.36</ele>
        <time>2025-02-12T12:21:54Z</time>
        <extensions>
          <geotracker:meta c="3.92" s="19.61" />
        </extensions>
      </trkpt>
      <trkpt lat="30.44054485" lon="76.5506975">
        <ele>209.61</ele>
        <time>2025-02-12T12:21:55Z</time>
        <extensions>
          <geotracker:meta c="3.93" s="19.72" />
        </extensions>
      </trkpt>
      <trkpt lat="30.44041385" lon="76.55055184">
        <ele>209.61</ele>
        <time>2025-02-12T12:21:56Z</time>
        <extensions>
          <geotracker:meta c="3.96" s="20.08" />
        </extensions>
      </trkpt>
      <trkpt lat="30.44027973" lon="76.55040515">
        <ele>208.7</ele>
        <time>2025-02-12T12:21:57Z</time>
        <extensions>
          <geotracker:meta c="3.95" s="20.55" />
        </extensions>
      </trkpt>
      <trkpt lat="30.44014789" lon="76.55025009">
        <ele>208.73</ele>
        <time>2025-02-12T12:21:58Z</time>
        <extensions>
          <geotracker:meta c="3.96" s="21.02" />
        </extensions>
      </trkpt>
      <trkpt lat="30.44000869" lon="76.55009441">
        <ele>208.87</ele>
        <time>2025-02-12T12:21:59Z</time>
        <extensions>
          <geotracker:meta c="3.94" s="21.42" />
        </extensions>
      </trkpt>
      <trkpt lat="30.43986814" lon="76.54993769">
        <ele>209.08</ele>
        <time>2025-02-12T12:22:00Z</time>
        <extensions>
          <geotracker:meta c="3.92" s="21.68" />
        </extensions>
      </trkpt>
      <trkpt lat="30.43973256" lon="76.5497801">
        <ele>209.08</ele>
        <time>2025-02-12T12:22:01Z</time>
        <extensions>
          <geotracker:meta c="3.92" s="21.65" />
        </extensions>
      </trkpt>
      <trkpt lat="30.43958931" lon="76.54961833">
        <ele>208.97</ele>
        <time>2025-02-12T12:22:02Z</time>
        <extensions>
          <geotracker:meta c="3.91" s="21.86" />
        </extensions>
      </trkpt>
      <trkpt lat="30.43944389" lon="76.54945659">
        <ele>208.82</ele>
        <time>2025-02-12T12:22:03Z</time>
        <extensions>
          <geotracker:meta c="3.91" s="22.29" />
        </extensions>
      </trkpt>
      <trkpt lat="30.43930031" lon="76.54929295">
        <ele>208.67</ele>
        <time>2025-02-12T12:22:04Z</time>
        <extensions>
          <geotracker:meta c="3.9" s="22.53" />
        </extensions>
      </trkpt>
      <trkpt lat="30.43915209" lon="76.54913077">
        <ele>208.64</ele>
        <time>2025-02-12T12:22:05Z</time>
        <extensions>
          <geotracker:meta c="3.9" s="22.65" />
        </extensions>
      </trkpt>
      <trkpt lat="30.43900216" lon="76.54896732">
        <ele>208.36</ele>
        <time>2025-02-12T12:22:06Z</time>
        <extensions>
          <geotracker:meta c="3.91" s="22.8" />
        </extensions>
      </trkpt>
      <trkpt lat="30.43885464" lon="76.54880022">
        <ele>208.46</ele>
        <time>2025-02-12T12:22:07Z</time>
        <extensions>
          <geotracker:meta c="3.92" s="23" />
        </extensions>
      </trkpt>
      <trkpt lat="30.43870454" lon="76.54863197">
        <ele>208.64</ele>
        <time>2025-02-12T12:22:08Z</time>
        <extensions>
          <geotracker:meta c="3.91" s="23.18" />
        </extensions>
      </trkpt>
      <trkpt lat="30.43855186" lon="76.54846076">
        <ele>208.68</ele>
        <time>2025-02-12T12:22:09Z</time>
        <extensions>
          <geotracker:meta c="3.87" s="23.51" />
        </extensions>
      </trkpt>
      <trkpt lat="30.4383972" lon="76.54829346">
        <ele>208.73</ele>
        <time>2025-02-12T12:22:10Z</time>
        <extensions>
          <geotracker:meta c="3.82" s="23.47" />
        </extensions>
      </trkpt>
      <trkpt lat="30.43825334" lon="76.54813">
        <ele>208.77</ele>
        <time>2025-02-12T12:22:11Z</time>
        <extensions>
          <geotracker:meta c="3.58" s="22.31" />
        </extensions>
      </trkpt>
      <trkpt lat="30.43811838" lon="76.54798206">
        <ele>208.69</ele>
        <time>2025-02-12T12:22:12Z</time>
        <extensions>
          <geotracker:meta c="3.9" s="20.2" />
        </extensions>
      </trkpt>
      <trkpt lat="30.43797603" lon="76.54784279">
        <ele>209.13</ele>
        <time>2025-02-12T12:22:13Z</time>
        <extensions>
          <geotracker:meta c="3.86" s="20.09" />
        </extensions>
      </trkpt>
      <trkpt lat="30.43786096" lon="76.54769936">
        <ele>209.21</ele>
        <time>2025-02-12T12:22:14Z</time>
        <extensions>
          <geotracker:meta c="3.94" s="19.14" />
        </extensions>
      </trkpt>
      <trkpt lat="30.43772032" lon="76.54755505">
        <ele>210.04</ele>
        <time>2025-02-12T12:22:15Z</time>
        <extensions>
          <geotracker:meta c="3.88" s="19.52" />
        </extensions>
      </trkpt>
      <trkpt lat="30.43760814" lon="76.54742852">
        <ele>209.27</ele>
        <time>2025-02-12T12:22:16Z</time>
        <extensions>
          <geotracker:meta c="3.9" s="17.77" />
        </extensions>
      </trkpt>
      <trkpt lat="30.43750135" lon="76.54731073">
        <ele>209.52</ele>
        <time>2025-02-12T12:22:17Z</time>
        <extensions>
          <geotracker:meta c="3.89" s="17.05" />
        </extensions>
      </trkpt>
      <trkpt lat="30.43738998" lon="76.54719187">
        <ele>210.46</ele>
        <time>2025-02-12T12:22:18Z</time>
        <extensions>
          <geotracker:meta c="3.89" s="16.68" />
        </extensions>
      </trkpt>
      <trkpt lat="30.43728115" lon="76.5470725">
        <ele>210.47</ele>
        <time>2025-02-12T12:22:19Z</time>
        <extensions>
          <geotracker:meta c="3.91" s="16.67" />
        </extensions>
      </trkpt>
      <trkpt lat="30.43718035" lon="76.54694665">
        <ele>211.27</ele>
        <time>2025-02-12T12:22:20Z</time>
        <extensions>
          <geotracker:meta c="3.93" s="16.2" />
        </extensions>
      </trkpt>
      <trkpt lat="30.4370703" lon="76.5468221">
        <ele>212.59</ele>
        <time>2025-02-12T12:22:21Z</time>
        <extensions>
          <geotracker:meta c="3.92" s="16.63" />
        </extensions>
      </trkpt>
      <trkpt lat="30.43696297" lon="76.54669382">
        <ele>213.47</ele>
        <time>2025-02-12T12:22:22Z</time>
        <extensions>
          <geotracker:meta c="3.93" s="17.08" />
        </extensions>
      </trkpt>
      <trkpt lat="30.43684546" lon="76.54656811">
        <ele>214.03</ele>
        <time>2025-02-12T12:22:23Z</time>
        <extensions>
          <geotracker:meta c="3.93" s="17.22" />
        </extensions>
      </trkpt>
      <trkpt lat="30.43673396" lon="76.54644167">
        <ele>214.52</ele>
        <time>2025-02-12T12:22:24Z</time>
        <extensions>
          <geotracker:meta c="3.92" s="17.41" />
        </extensions>
      </trkpt>
      <trkpt lat="30.43662479" lon="76.54631782">
        <ele>214.51</ele>
        <time>2025-02-12T12:22:25Z</time>
        <extensions>
          <geotracker:meta c="3.92" s="16.99" />
        </extensions>
      </trkpt>
      <trkpt lat="30.43651415" lon="76.54619272">
        <ele>214.78</ele>
        <time>2025-02-12T12:22:26Z</time>
        <extensions>
          <geotracker:meta c="3.91" s="17.13" />
        </extensions>
      </trkpt>
      <trkpt lat="30.43640527" lon="76.54606646">
        <ele>214.66</ele>
        <time>2025-02-12T12:22:27Z</time>
        <extensions>
          <geotracker:meta c="3.93" s="17.23" />
        </extensions>
      </trkpt>
      <trkpt lat="30.43629105" lon="76.54593681">
        <ele>215.2</ele>
        <time>2025-02-12T12:22:28Z</time>
        <extensions>
          <geotracker:meta c="3.91" s="17.73" />
        </extensions>
      </trkpt>
      <trkpt lat="30.43617164" lon="76.54581019">
        <ele>215.23</ele>
        <time>2025-02-12T12:22:29Z</time>
        <extensions>
          <geotracker:meta c="3.89" s="18.11" />
        </extensions>
      </trkpt>
      <trkpt lat="30.43604907" lon="76.54567716">
        <ele>216</ele>
        <time>2025-02-12T12:22:30Z</time>
        <extensions>
          <geotracker:meta c="3.89" s="18.5" />
        </extensions>
      </trkpt>
      <trkpt lat="30.43592491" lon="76.5455473">
        <ele>216.82</ele>
        <time>2025-02-12T12:22:31Z</time>
        <extensions>
          <geotracker:meta c="3.9" s="18.78" />
        </extensions>
      </trkpt>
      <trkpt lat="30.43580001" lon="76.54541389">
        <ele>217.35</ele>
        <time>2025-02-12T12:22:32Z</time>
        <extensions>
          <geotracker:meta c="3.9" s="18.92" />
        </extensions>
      </trkpt>
      <trkpt lat="30.43567505" lon="76.54527619">
        <ele>217.72</ele>
        <time>2025-02-12T12:22:33Z</time>
        <extensions>
          <geotracker:meta c="3.9" s="19.21" />
        </extensions>
      </trkpt>
      <trkpt lat="30.43554984" lon="76.54513789">
        <ele>218.16</ele>
        <time>2025-02-12T12:22:34Z</time>
        <extensions>
          <geotracker:meta c="3.9" s="19.34" />
        </extensions>
      </trkpt>
      <trkpt lat="30.43542734" lon="76.54500644">
        <ele>218.83</ele>
        <time>2025-02-12T12:22:35Z</time>
        <extensions>
          <geotracker:meta c="3.91" s="18.64" />
        </extensions>
      </trkpt>
      <trkpt lat="30.43532079" lon="76.54488226">
        <ele>219.46</ele>
        <time>2025-02-12T12:22:36Z</time>
        <extensions>
          <geotracker:meta c="3.92" s="17.08" />
        </extensions>
      </trkpt>
      <trkpt lat="30.43520771" lon="76.5447576">
        <ele>219.57</ele>
        <time>2025-02-12T12:22:37Z</time>
        <extensions>
          <geotracker:meta c="3.92" s="17.2" />
        </extensions>
      </trkpt>
      <trkpt lat="30.43509749" lon="76.54462642">
        <ele>220.27</ele>
        <time>2025-02-12T12:22:38Z</time>
        <extensions>
          <geotracker:meta c="3.92" s="17.38" />
        </extensions>
      </trkpt>
      <trkpt lat="30.43498492" lon="76.54448995">
        <ele>220.03</ele>
        <time>2025-02-12T12:22:39Z</time>
        <extensions>
          <geotracker:meta c="3.93" s="17.86" />
        </extensions>
      </trkpt>
      <trkpt lat="30.43487175" lon="76.54435165">
        <ele>219.37</ele>
        <time>2025-02-12T12:22:40Z</time>
        <extensions>
          <geotracker:meta c="3.93" s="18.16" />
        </extensions>
      </trkpt>
      <trkpt lat="30.43476232" lon="76.54423172">
        <ele>219.46</ele>
        <time>2025-02-12T12:22:41Z</time>
        <extensions>
          <geotracker:meta c="3.93" s="17.27" />
        </extensions>
      </trkpt>
      <trkpt lat="30.43465576" lon="76.54410792">
        <ele>219.81</ele>
        <time>2025-02-12T12:22:42Z</time>
        <extensions>
          <geotracker:meta c="3.92" s="16.76" />
        </extensions>
      </trkpt>
      <trkpt lat="30.43455136" lon="76.54398709">
        <ele>219.47</ele>
        <time>2025-02-12T12:22:43Z</time>
        <extensions>
          <geotracker:meta c="3.92" s="16.6" />
        </extensions>
      </trkpt>
      <trkpt lat="30.43444562" lon="76.5438672">
        <ele>219.1</ele>
        <time>2025-02-12T12:22:44Z</time>
        <extensions>
          <geotracker:meta c="3.91" s="16.64" />
        </extensions>
      </trkpt>
      <trkpt lat="30.43433489" lon="76.54374411">
        <ele>219.13</ele>
        <time>2025-02-12T12:22:45Z</time>
        <extensions>
          <geotracker:meta c="3.91" s="17.11" />
        </extensions>
      </trkpt>
      <trkpt lat="30.4342209" lon="76.54361468">
        <ele>218.59</ele>
        <time>2025-02-12T12:22:46Z</time>
        <extensions>
          <geotracker:meta c="3.92" s="17.58" />
        </extensions>
      </trkpt>
      <trkpt lat="30.43410799" lon="76.54348496">
        <ele>218.45</ele>
        <time>2025-02-12T12:22:47Z</time>
        <extensions>
          <geotracker:meta c="3.92" s="17.66" />
        </extensions>
      </trkpt>
      <trkpt lat="30.43399937" lon="76.54335596">
        <ele>218.72</ele>
        <time>2025-02-12T12:22:48Z</time>
        <extensions>
          <geotracker:meta c="3.91" s="17.48" />
        </extensions>
      </trkpt>
      <trkpt lat="30.43388342" lon="76.54323226">
        <ele>218.82</ele>
        <time>2025-02-12T12:22:49Z</time>
        <extensions>
          <geotracker:meta c="3.9" s="17.56" />
        </extensions>
      </trkpt>
      <trkpt lat="30.43375006" lon="76.54310377">
        <ele>218.52</ele>
        <time>2025-02-12T12:22:50Z</time>
        <extensions>
          <geotracker:meta c="3.89" s="18.5" />
        </extensions>
      </trkpt>
      <trkpt lat="30.43362002" lon="76.54297">
        <ele>217.91</ele>
        <time>2025-02-12T12:22:51Z</time>
        <extensions>
          <geotracker:meta c="3.88" s="18.53" />
        </extensions>
      </trkpt>
      <trkpt lat="30.4335068" lon="76.54283542">
        <ele>217.65</ele>
        <time>2025-02-12T12:22:52Z</time>
        <extensions>
          <geotracker:meta c="3.88" s="18.14" />
        </extensions>
      </trkpt>
      <trkpt lat="30.43338723" lon="76.54270675">
        <ele>218.01</ele>
        <time>2025-02-12T12:22:53Z</time>
        <extensions>
          <geotracker:meta c="3.89" s="18.06" />
        </extensions>
      </trkpt>
      <trkpt lat="30.43326753" lon="76.5425799">
        <ele>217.16</ele>
        <time>2025-02-12T12:22:54Z</time>
        <extensions>
          <geotracker:meta c="3.89" s="17.69" />
        </extensions>
      </trkpt>
      <trkpt lat="30.43314949" lon="76.54245129">
        <ele>216.63</ele>
        <time>2025-02-12T12:22:55Z</time>
        <extensions>
          <geotracker:meta c="3.87" s="17.61" />
        </extensions>
      </trkpt>
      <trkpt lat="30.43303701" lon="76.54231659">
        <ele>216.39</ele>
        <time>2025-02-12T12:22:56Z</time>
        <extensions>
          <geotracker:meta c="3.87" s="17.62" />
        </extensions>
      </trkpt>
      <trkpt lat="30.43292367" lon="76.5421857">
        <ele>215.84</ele>
        <time>2025-02-12T12:22:57Z</time>
        <extensions>
          <geotracker:meta c="3.87" s="17.72" />
        </extensions>
      </trkpt>
      <trkpt lat="30.43280088" lon="76.54206583">
        <ele>215.1</ele>
        <time>2025-02-12T12:22:58Z</time>
        <extensions>
          <geotracker:meta c="3.88" s="17.79" />
        </extensions>
      </trkpt>
      <trkpt lat="30.4326764" lon="76.54194167">
        <ele>214.48</ele>
        <time>2025-02-12T12:22:59Z</time>
        <extensions>
          <geotracker:meta c="3.88" s="18.12" />
        </extensions>
      </trkpt>
      <trkpt lat="30.43255896" lon="76.54180259">
        <ele>213.91</ele>
        <time>2025-02-12T12:23:00Z</time>
        <extensions>
          <geotracker:meta c="3.89" s="18.51" />
        </extensions>
      </trkpt>
      <trkpt lat="30.43243945" lon="76.54166502">
        <ele>213.75</ele>
        <time>2025-02-12T12:23:01Z</time>
        <extensions>
          <geotracker:meta c="3.9" s="18.67" />
        </extensions>
      </trkpt>
      <trkpt lat="30.43231652" lon="76.5415262">
        <ele>213.75</ele>
        <time>2025-02-12T12:23:02Z</time>
        <extensions>
          <geotracker:meta c="3.91" s="18.61" />
        </extensions>
      </trkpt>
      <trkpt lat="30.43219756" lon="76.5413945">
        <ele>214.03</ele>
        <time>2025-02-12T12:23:03Z</time>
        <extensions>
          <geotracker:meta c="3.91" s="18.38" />
        </extensions>
      </trkpt>
      <trkpt lat="30.43207861" lon="76.541261">
        <ele>214.34</ele>
        <time>2025-02-12T12:23:04Z</time>
        <extensions>
          <geotracker:meta c="3.91" s="18.37" />
        </extensions>
      </trkpt>
      <trkpt lat="30.43195739" lon="76.54112245">
        <ele>214.38</ele>
        <time>2025-02-12T12:23:05Z</time>
        <extensions>
          <geotracker:meta c="3.92" s="18.6" />
        </extensions>
      </trkpt>
      <trkpt lat="30.43183451" lon="76.54098449">
        <ele>213.88</ele>
        <time>2025-02-12T12:23:06Z</time>
        <extensions>
          <geotracker:meta c="3.91" s="18.97" />
        </extensions>
      </trkpt>
      <trkpt lat="30.43170495" lon="76.54084919">
        <ele>213.57</ele>
        <time>2025-02-12T12:23:07Z</time>
        <extensions>
          <geotracker:meta c="3.9" s="19.19" />
        </extensions>
      </trkpt>
      <trkpt lat="30.43157577" lon="76.54071097">
        <ele>213.57</ele>
        <time>2025-02-12T12:23:08Z</time>
        <extensions>
          <geotracker:meta c="3.9" s="19.41" />
        </extensions>
      </trkpt>
      <trkpt lat="30.43144546" lon="76.54056943">
        <ele>213.4</ele>
        <time>2025-02-12T12:23:09Z</time>
        <extensions>
          <geotracker:meta c="3.9" s="19.76" />
        </extensions>
      </trkpt>
      <trkpt lat="30.43132317" lon="76.54041826">
        <ele>213.27</ele>
        <time>2025-02-12T12:23:10Z</time>
        <extensions>
          <geotracker:meta c="3.9" s="20.01" />
        </extensions>
      </trkpt>
      <trkpt lat="30.431196" lon="76.54027266">
        <ele>213.46</ele>
        <time>2025-02-12T12:23:11Z</time>
        <extensions>
          <geotracker:meta c="3.9" s="20.26" />
        </extensions>
      </trkpt>
      <trkpt lat="30.43106935" lon="76.54012499">
        <ele>213.23</ele>
        <time>2025-02-12T12:23:12Z</time>
        <extensions>
          <geotracker:meta c="3.92" s="20.01" />
        </extensions>
      </trkpt>
      <trkpt lat="30.43094718" lon="76.53999151">
        <ele>213.59</ele>
        <time>2025-02-12T12:23:13Z</time>
        <extensions>
          <geotracker:meta c="3.92" s="18.82" />
        </extensions>
      </trkpt>
      <trkpt lat="30.43082306" lon="76.5398533">
        <ele>213.5</ele>
        <time>2025-02-12T12:23:14Z</time>
        <extensions>
          <geotracker:meta c="3.91" s="18.81" />
        </extensions>
      </trkpt>
      <trkpt lat="30.43069803" lon="76.53971582">
        <ele>213.86</ele>
        <time>2025-02-12T12:23:15Z</time>
        <extensions>
          <geotracker:meta c="3.91" s="19.32" />
        </extensions>
      </trkpt>
      <trkpt lat="30.43056715" lon="76.5395729">
        <ele>213.57</ele>
        <time>2025-02-12T12:23:16Z</time>
        <extensions>
          <geotracker:meta c="3.91" s="19.85" />
        </extensions>
      </trkpt>
      <trkpt lat="30.43043931" lon="76.53943165">
        <ele>213.75</ele>
        <time>2025-02-12T12:23:17Z</time>
        <extensions>
          <geotracker:meta c="3.91" s="19.84" />
        </extensions>
      </trkpt>
      <trkpt lat="30.43031979" lon="76.53929749">
        <ele>213.68</ele>
        <time>2025-02-12T12:23:18Z</time>
        <extensions>
          <geotracker:meta c="3.91" s="18.55" />
        </extensions>
      </trkpt>
      <trkpt lat="30.43020127" lon="76.53916581">
        <ele>213.57</ele>
        <time>2025-02-12T12:23:19Z</time>
        <extensions>
          <geotracker:meta c="3.91" s="18.11" />
        </extensions>
      </trkpt>
      <trkpt lat="30.43008032" lon="76.53903732">
        <ele>213.5</ele>
        <time>2025-02-12T12:23:20Z</time>
        <extensions>
          <geotracker:meta c="3.92" s="18.31" />
        </extensions>
      </trkpt>
      <trkpt lat="30.42996269" lon="76.53889861">
        <ele>214.27</ele>
        <time>2025-02-12T12:23:21Z</time>
        <extensions>
          <geotracker:meta c="3.92" s="18.9" />
        </extensions>
      </trkpt>
      <trkpt lat="30.42983222" lon="76.53876784">
        <ele>214.75</ele>
        <time>2025-02-12T12:23:22Z</time>
        <extensions>
          <geotracker:meta c="3.91" s="19.4" />
        </extensions>
      </trkpt>
      <trkpt lat="30.42970318" lon="76.53862587">
        <ele>214.88</ele>
        <time>2025-02-12T12:23:23Z</time>
        <extensions>
          <geotracker:meta c="3.91" s="19.44" />
        </extensions>
      </trkpt>
      <trkpt lat="30.42957728" lon="76.53848513">
        <ele>215.15</ele>
        <time>2025-02-12T12:23:24Z</time>
        <extensions>
          <geotracker:meta c="3.91" s="19.32" />
        </extensions>
      </trkpt>
      <trkpt lat="30.42945237" lon="76.53834842">
        <ele>215.21</ele>
        <time>2025-02-12T12:23:25Z</time>
        <extensions>
          <geotracker:meta c="3.91" s="18.96" />
        </extensions>
      </trkpt>
      <trkpt lat="30.42934003" lon="76.53821243">
        <ele>215.5</ele>
        <time>2025-02-12T12:23:26Z</time>
        <extensions>
          <geotracker:meta c="3.93" s="18.31" />
        </extensions>
      </trkpt>
      <trkpt lat="30.42922702" lon="76.53808384">
        <ele>215.5</ele>
        <time>2025-02-12T12:23:27Z</time>
        <extensions>
          <geotracker:meta c="3.92" s="17.64" />
        </extensions>
      </trkpt>
      <trkpt lat="30.42911008" lon="76.53795249">
        <ele>215.44</ele>
        <time>2025-02-12T12:23:28Z</time>
        <extensions>
          <geotracker:meta c="3.92" s="17.92" />
        </extensions>
      </trkpt>
      <trkpt lat="30.42898773" lon="76.53781859">
        <ele>215.53</ele>
        <time>2025-02-12T12:23:29Z</time>
        <extensions>
          <geotracker:meta c="3.91" s="18.28" />
        </extensions>
      </trkpt>
      <trkpt lat="30.42886817" lon="76.53768507">
        <ele>215.28</ele>
        <time>2025-02-12T12:23:30Z</time>
        <extensions>
          <geotracker:meta c="3.91" s="18.36" />
        </extensions>
      </trkpt>
      <trkpt lat="30.42874381" lon="76.53755463">
        <ele>215.51</ele>
        <time>2025-02-12T12:23:31Z</time>
        <extensions>
          <geotracker:meta c="3.9" s="18.5" />
        </extensions>
      </trkpt>
      <trkpt lat="30.42862548" lon="76.53741517">
        <ele>215.43</ele>
        <time>2025-02-12T12:23:32Z</time>
        <extensions>
          <geotracker:meta c="3.9" s="18.74" />
        </extensions>
      </trkpt>
      <trkpt lat="30.42850432" lon="76.53727529">
        <ele>215.45</ele>
        <time>2025-02-12T12:23:33Z</time>
        <extensions>
          <geotracker:meta c="3.91" s="19.34" />
        </extensions>
      </trkpt>
      <trkpt lat="30.42836966" lon="76.53713528">
        <ele>215.27</ele>
        <time>2025-02-12T12:23:34Z</time>
        <extensions>
          <geotracker:meta c="3.89" s="19.91" />
        </extensions>
      </trkpt>
      <trkpt lat="30.42823227" lon="76.5369923">
        <ele>214.66</ele>
        <time>2025-02-12T12:23:35Z</time>
        <extensions>
          <geotracker:meta c="3.88" s="20.45" />
        </extensions>
      </trkpt>
      <trkpt lat="30.42808565" lon="76.53684204">
        <ele>214.26</ele>
        <time>2025-02-12T12:23:36Z</time>
        <extensions>
          <geotracker:meta c="3.89" s="21.02" />
        </extensions>
      </trkpt>
      <trkpt lat="30.42793974" lon="76.53669498">
        <ele>214.32</ele>
        <time>2025-02-12T12:23:37Z</time>
        <extensions>
          <geotracker:meta c="3.9" s="21.47" />
        </extensions>
      </trkpt>
      <trkpt lat="30.42779734" lon="76.53654556">
        <ele>213.89</ele>
        <time>2025-02-12T12:23:38Z</time>
        <extensions>
          <geotracker:meta c="3.89" s="21.3" />
        </extensions>
      </trkpt>
      <trkpt lat="30.4276696" lon="76.53640769">
        <ele>214.43</ele>
        <time>2025-02-12T12:23:39Z</time>
        <extensions>
          <geotracker:meta c="3.91" s="19.8" />
        </extensions>
      </trkpt>
      <trkpt lat="30.42755568" lon="76.53627319">
        <ele>214.53</ele>
        <time>2025-02-12T12:23:40Z</time>
        <extensions>
          <geotracker:meta c="3.92" s="18.4" />
        </extensions>
      </trkpt>
      <trkpt lat="30.42743988" lon="76.5361397">
        <ele>214.48</ele>
        <time>2025-02-12T12:23:41Z</time>
        <extensions>
          <geotracker:meta c="3.93" s="18.03" />
        </extensions>
      </trkpt>
      <trkpt lat="30.42732462" lon="76.53601144">
        <ele>214.48</ele>
        <time>2025-02-12T12:23:42Z</time>
        <extensions>
          <geotracker:meta c="3.92" s="17.47" />
        </extensions>
      </trkpt>
      <trkpt lat="30.42721656" lon="76.53588472">
        <ele>214.18</ele>
        <time>2025-02-12T12:23:43Z</time>
        <extensions>
          <geotracker:meta c="3.92" s="17.14" />
        </extensions>
      </trkpt>
      <trkpt lat="30.42710808" lon="76.53576473">
        <ele>214.1</ele>
        <time>2025-02-12T12:23:44Z</time>
        <extensions>
          <geotracker:meta c="3.92" s="16.99" />
        </extensions>
      </trkpt>
      <trkpt lat="30.42700559" lon="76.53564714">
        <ele>213.96</ele>
        <time>2025-02-12T12:23:45Z</time>
        <extensions>
          <geotracker:meta c="3.92" s="16.63" />
        </extensions>
      </trkpt>
      <trkpt lat="30.42690429" lon="76.53553462">
        <ele>213.85</ele>
        <time>2025-02-12T12:23:46Z</time>
        <extensions>
          <geotracker:meta c="3.92" s="15.7" />
        </extensions>
      </trkpt>
      <trkpt lat="30.42681308" lon="76.53543079">
        <ele>214.25</ele>
        <time>2025-02-12T12:23:47Z</time>
        <extensions>
          <geotracker:meta c="3.92" s="14.46" />
        </extensions>
      </trkpt>
      <trkpt lat="30.42672549" lon="76.53532768">
        <ele>214.09</ele>
        <time>2025-02-12T12:23:48Z</time>
        <extensions>
          <geotracker:meta c="3.93" s="13.93" />
        </extensions>
      </trkpt>
      <trkpt lat="30.42663775" lon="76.5352197">
        <ele>214.21</ele>
        <time>2025-02-12T12:23:49Z</time>
        <extensions>
          <geotracker:meta c="3.94" s="14.21" />
        </extensions>
      </trkpt>
      <trkpt lat="30.42654428" lon="76.53511264">
        <ele>214.01</ele>
        <time>2025-02-12T12:23:50Z</time>
        <extensions>
          <geotracker:meta c="3.93" s="14.72" />
        </extensions>
      </trkpt>
      <trkpt lat="30.42644634" lon="76.53500175">
        <ele>213.84</ele>
        <time>2025-02-12T12:23:51Z</time>
        <extensions>
          <geotracker:meta c="3.91" s="15.24" />
        </extensions>
      </trkpt>
      <trkpt lat="30.42634585" lon="76.53488761">
        <ele>213.75</ele>
        <time>2025-02-12T12:23:52Z</time>
        <extensions>
          <geotracker:meta c="3.9" s="15.76" />
        </extensions>
      </trkpt>
      <trkpt lat="30.42623946" lon="76.5347703">
        <ele>213.35</ele>
        <time>2025-02-12T12:23:53Z</time>
        <extensions>
          <geotracker:meta c="3.89" s="16.26" />
        </extensions>
      </trkpt>
      <trkpt lat="30.42612974" lon="76.53465026">
        <ele>213.19</ele>
        <time>2025-02-12T12:23:54Z</time>
        <extensions>
          <geotracker:meta c="3.89" s="16.77" />
        </extensions>
      </trkpt>
      <trkpt lat="30.42601969" lon="76.5345232">
        <ele>212.92</ele>
        <time>2025-02-12T12:23:55Z</time>
        <extensions>
          <geotracker:meta c="3.9" s="17.35" />
        </extensions>
      </trkpt>
      <trkpt lat="30.42590226" lon="76.53439329">
        <ele>212.86</ele>
        <time>2025-02-12T12:23:56Z</time>
        <extensions>
          <geotracker:meta c="3.9" s="17.87" />
        </extensions>
      </trkpt>
      <trkpt lat="30.42578436" lon="76.53426133">
        <ele>212.91</ele>
        <time>2025-02-12T12:23:57Z</time>
        <extensions>
          <geotracker:meta c="3.91" s="18.37" />
        </extensions>
      </trkpt>
      <trkpt lat="30.42566318" lon="76.53412389">
        <ele>212.91</ele>
        <time>2025-02-12T12:23:58Z</time>
        <extensions>
          <geotracker:meta c="3.91" s="18.78" />
        </extensions>
      </trkpt>
      <trkpt lat="30.42554229" lon="76.53398856">
        <ele>212.97</ele>
        <time>2025-02-12T12:23:59Z</time>
        <extensions>
          <geotracker:meta c="3.91" s="18.74" />
        </extensions>
      </trkpt>
      <trkpt lat="30.42542269" lon="76.53385502">
        <ele>212.89</ele>
        <time>2025-02-12T12:24:00Z</time>
        <extensions>
          <geotracker:meta c="3.91" s="18.47" />
        </extensions>
      </trkpt>
      <trkpt lat="30.42530287" lon="76.53372514">
        <ele>212.54</ele>
        <time>2025-02-12T12:24:01Z</time>
        <extensions>
          <geotracker:meta c="3.91" s="18.48" />
        </extensions>
      </trkpt>
      <trkpt lat="30.42518103" lon="76.53358998">
        <ele>212.56</ele>
        <time>2025-02-12T12:24:02Z</time>
        <extensions>
          <geotracker:meta c="3.9" s="18.48" />
        </extensions>
      </trkpt>
      <trkpt lat="30.42505599" lon="76.53345973">
        <ele>212.44</ele>
        <time>2025-02-12T12:24:03Z</time>
        <extensions>
          <geotracker:meta c="3.9" s="18.58" />
        </extensions>
      </trkpt>
      <trkpt lat="30.42493684" lon="76.53332171">
        <ele>212.67</ele>
        <time>2025-02-12T12:24:04Z</time>
        <extensions>
          <geotracker:meta c="3.91" s="18.69" />
        </extensions>
      </trkpt>
      <trkpt lat="30.42481354" lon="76.53318563">
        <ele>212.38</ele>
        <time>2025-02-12T12:24:05Z</time>
        <extensions>
          <geotracker:meta c="3.92" s="18.69" />
        </extensions>
      </trkpt>
      <trkpt lat="30.42469019" lon="76.53305012">
        <ele>212.02</ele>
        <time>2025-02-12T12:24:06Z</time>
        <extensions>
          <geotracker:meta c="3.92" s="18.48" />
        </extensions>
      </trkpt>
      <trkpt lat="30.42457213" lon="76.53291044">
        <ele>212.15</ele>
        <time>2025-02-12T12:24:07Z</time>
        <extensions>
          <geotracker:meta c="3.92" s="18.42" />
        </extensions>
      </trkpt>
      <trkpt lat="30.42445585" lon="76.53277601">
        <ele>212.11</ele>
        <time>2025-02-12T12:24:08Z</time>
        <extensions>
          <geotracker:meta c="3.92" s="18.3" />
        </extensions>
      </trkpt>
      <trkpt lat="30.4243418" lon="76.53264227">
        <ele>212.26</ele>
        <time>2025-02-12T12:24:09Z</time>
        <extensions>
          <geotracker:meta c="3.93" s="18.14" />
        </extensions>
      </trkpt>
      <trkpt lat="30.42422626" lon="76.53250794">
        <ele>212.24</ele>
        <time>2025-02-12T12:24:10Z</time>
        <extensions>
          <geotracker:meta c="3.94" s="18.13" />
        </extensions>
      </trkpt>
      <trkpt lat="30.42410758" lon="76.53237541">
        <ele>212.15</ele>
        <time>2025-02-12T12:24:11Z</time>
        <extensions>
          <geotracker:meta c="3.94" s="18.36" />
        </extensions>
      </trkpt>
      <trkpt lat="30.42399178" lon="76.53223453">
        <ele>212.26</ele>
        <time>2025-02-12T12:24:12Z</time>
        <extensions>
          <geotracker:meta c="3.94" s="18.73" />
        </extensions>
      </trkpt>
      <trkpt lat="30.42387245" lon="76.53209026">
        <ele>212.4</ele>
        <time>2025-02-12T12:24:13Z</time>
        <extensions>
          <geotracker:meta c="3.93" s="19.16" />
        </extensions>
      </trkpt>
      <trkpt lat="30.42374879" lon="76.53194829">
        <ele>212.47</ele>
        <time>2025-02-12T12:24:14Z</time>
        <extensions>
          <geotracker:meta c="3.93" s="19.3" />
        </extensions>
      </trkpt>
      <trkpt lat="30.42362471" lon="76.53181161">
        <ele>212.52</ele>
        <time>2025-02-12T12:24:15Z</time>
        <extensions>
          <geotracker:meta c="3.92" s="19.11" />
        </extensions>
      </trkpt>
      <trkpt lat="30.42350435" lon="76.53167479">
        <ele>212.71</ele>
        <time>2025-02-12T12:24:16Z</time>
        <extensions>
          <geotracker:meta c="3.91" s="19.13" />
        </extensions>
      </trkpt>
      <trkpt lat="30.42337865" lon="76.53153235">
        <ele>212.65</ele>
        <time>2025-02-12T12:24:17Z</time>
        <extensions>
          <geotracker:meta c="3.91" s="19.41" />
        </extensions>
      </trkpt>
      <trkpt lat="30.42324994" lon="76.53138932">
        <ele>212.9</ele>
        <time>2025-02-12T12:24:18Z</time>
        <extensions>
          <geotracker:meta c="3.91" s="19.6" />
        </extensions>
      </trkpt>
      <trkpt lat="30.42312293" lon="76.53124535">
        <ele>212.93</ele>
        <time>2025-02-12T12:24:19Z</time>
        <extensions>
          <geotracker:meta c="3.91" s="19.77" />
        </extensions>
      </trkpt>
      <trkpt lat="30.42298959" lon="76.53110487">
        <ele>213.11</ele>
        <time>2025-02-12T12:24:20Z</time>
        <extensions>
          <geotracker:meta c="3.91" s="19.93" />
        </extensions>
      </trkpt>
      <trkpt lat="30.42285464" lon="76.53096031">
        <ele>213.2</ele>
        <time>2025-02-12T12:24:21Z</time>
        <extensions>
          <geotracker:meta c="3.89" s="20.4" />
        </extensions>
      </trkpt>
      <trkpt lat="30.42271793" lon="76.53081246">
        <ele>212.93</ele>
        <time>2025-02-12T12:24:22Z</time>
        <extensions>
          <geotracker:meta c="3.88" s="20.81" />
        </extensions>
      </trkpt>
      <trkpt lat="30.42257831" lon="76.53066294">
        <ele>212.84</ele>
        <time>2025-02-12T12:24:23Z</time>
        <extensions>
          <geotracker:meta c="3.88" s="21.15" />
        </extensions>
      </trkpt>
      <trkpt lat="30.42243797" lon="76.53051152">
        <ele>212.77</ele>
        <time>2025-02-12T12:24:24Z</time>
        <extensions>
          <geotracker:meta c="3.89" s="21.33" />
        </extensions>
      </trkpt>
      <trkpt lat="30.42229681" lon="76.53035489">
        <ele>212.86</ele>
        <time>2025-02-12T12:24:25Z</time>
        <extensions>
          <geotracker:meta c="3.91" s="21.7" />
        </extensions>
      </trkpt>
      <trkpt lat="30.42215895" lon="76.53019249">
        <ele>212.81</ele>
        <time>2025-02-12T12:24:26Z</time>
        <extensions>
          <geotracker:meta c="3.93" s="22" />
        </extensions>
      </trkpt>
      <trkpt lat="30.42201664" lon="76.53002892">
        <ele>212.58</ele>
        <time>2025-02-12T12:24:27Z</time>
        <extensions>
          <geotracker:meta c="3.94" s="22.38" />
        </extensions>
      </trkpt>
      <trkpt lat="30.42187041" lon="76.52985765">
        <ele>212.34</ele>
        <time>2025-02-12T12:24:28Z</time>
        <extensions>
          <geotracker:meta c="3.93" s="22.94" />
        </extensions>
      </trkpt>
      <trkpt lat="30.42171937" lon="76.52968931">
        <ele>212.42</ele>
        <time>2025-02-12T12:24:29Z</time>
        <extensions>
          <geotracker:meta c="3.91" s="23.42" />
        </extensions>
      </trkpt>
      <trkpt lat="30.42156934" lon="76.52951539">
        <ele>212.48</ele>
        <time>2025-02-12T12:24:30Z</time>
        <extensions>
          <geotracker:meta c="3.9" s="23.72" />
        </extensions>
      </trkpt>
      <trkpt lat="30.42141889" lon="76.5293507">
        <ele>211.88</ele>
        <time>2025-02-12T12:24:31Z</time>
        <extensions>
          <geotracker:meta c="3.9" s="23.16" />
        </extensions>
      </trkpt>
      <trkpt lat="30.42127635" lon="76.52919576">
        <ele>211.67</ele>
        <time>2025-02-12T12:24:32Z</time>
        <extensions>
          <geotracker:meta c="3.9" s="21.75" />
        </extensions>
      </trkpt>
      <trkpt lat="30.42114605" lon="76.52905315">
        <ele>211.62</ele>
        <time>2025-02-12T12:24:33Z</time>
        <extensions>
          <geotracker:meta c="3.9" s="20.04" />
        </extensions>
      </trkpt>
      <trkpt lat="30.42102708" lon="76.52891697">
        <ele>211.58</ele>
        <time>2025-02-12T12:24:34Z</time>
        <extensions>
          <geotracker:meta c="3.91" s="18.73" />
        </extensions>
      </trkpt>
      <trkpt lat="30.42091425" lon="76.52879016">
        <ele>211.8</ele>
        <time>2025-02-12T12:24:35Z</time>
        <extensions>
          <geotracker:meta c="3.92" s="17.72" />
        </extensions>
      </trkpt>
      <trkpt lat="30.42080942" lon="76.52866848">
        <ele>211.91</ele>
        <time>2025-02-12T12:24:36Z</time>
        <extensions>
          <geotracker:meta c="3.91" s="16.5" />
        </extensions>
      </trkpt>
      <trkpt lat="30.42070603" lon="76.52854758">
        <ele>212.32</ele>
        <time>2025-02-12T12:24:37Z</time>
        <extensions>
          <geotracker:meta c="3.92" s="16.34" />
        </extensions>
      </trkpt>
      <trkpt lat="30.42059933" lon="76.52842979">
        <ele>212.28</ele>
        <time>2025-02-12T12:24:38Z</time>
        <extensions>
          <geotracker:meta c="3.91" s="16.34" />
        </extensions>
      </trkpt>
      <trkpt lat="30.42049506" lon="76.52831029">
        <ele>212.43</ele>
        <time>2025-02-12T12:24:39Z</time>
        <extensions>
          <geotracker:meta c="3.91" s="16.4" />
        </extensions>
      </trkpt>
      <trkpt lat="30.42038714" lon="76.52819538">
        <ele>211.92</ele>
        <time>2025-02-12T12:24:40Z</time>
        <extensions>
          <geotracker:meta c="3.9" s="16.62" />
        </extensions>
      </trkpt>
      <trkpt lat="30.4202747" lon="76.52807845">
        <ele>211.98</ele>
        <time>2025-02-12T12:24:41Z</time>
        <extensions>
          <geotracker:meta c="3.9" s="16.67" />
        </extensions>
      </trkpt>
      <trkpt lat="30.4201648" lon="76.52795897">
        <ele>211.76</ele>
        <time>2025-02-12T12:24:42Z</time>
        <extensions>
          <geotracker:meta c="3.9" s="16.88" />
        </extensions>
      </trkpt>
      <trkpt lat="30.42005588" lon="76.52783572">
        <ele>211.77</ele>
        <time>2025-02-12T12:24:43Z</time>
        <extensions>
          <geotracker:meta c="3.89" s="16.96" />
        </extensions>
      </trkpt>
      <trkpt lat="30.41994172" lon="76.52771089">
        <ele>211.85</ele>
        <time>2025-02-12T12:24:44Z</time>
        <extensions>
          <geotracker:meta c="3.9" s="17.14" />
        </extensions>
      </trkpt>
      <trkpt lat="30.41982878" lon="76.52758531">
        <ele>211.74</ele>
        <time>2025-02-12T12:24:45Z</time>
        <extensions>
          <geotracker:meta c="3.9" s="17.41" />
        </extensions>
      </trkpt>
      <trkpt lat="30.41971102" lon="76.52745904">
        <ele>211.57</ele>
        <time>2025-02-12T12:24:46Z</time>
        <extensions>
          <geotracker:meta c="3.9" s="17.88" />
        </extensions>
      </trkpt>
      <trkpt lat="30.41958671" lon="76.52732948">
        <ele>211.78</ele>
        <time>2025-02-12T12:24:47Z</time>
        <extensions>
          <geotracker:meta c="3.9" s="18.35" />
        </extensions>
      </trkpt>
      <trkpt lat="30.41946471" lon="76.52719412">
        <ele>211.65</ele>
        <time>2025-02-12T12:24:48Z</time>
        <extensions>
          <geotracker:meta c="3.9" s="18.63" />
        </extensions>
      </trkpt>
      <trkpt lat="30.41934284" lon="76.52705842">
        <ele>211.79</ele>
        <time>2025-02-12T12:24:49Z</time>
        <extensions>
          <geotracker:meta c="3.9" s="19" />
        </extensions>
      </trkpt>
      <trkpt lat="30.41921642" lon="76.52691902">
        <ele>211.9</ele>
        <time>2025-02-12T12:24:50Z</time>
        <extensions>
          <geotracker:meta c="3.89" s="19.31" />
        </extensions>
      </trkpt>
      <trkpt lat="30.41908779" lon="76.52678063">
        <ele>212.12</ele>
        <time>2025-02-12T12:24:51Z</time>
        <extensions>
          <geotracker:meta c="3.89" s="19.5" />
        </extensions>
      </trkpt>
      <trkpt lat="30.41895374" lon="76.52664171">
        <ele>211.86</ele>
        <time>2025-02-12T12:24:52Z</time>
        <extensions>
          <geotracker:meta c="3.89" s="19.73" />
        </extensions>
      </trkpt>
      <trkpt lat="30.41882097" lon="76.52649904">
        <ele>211.72</ele>
        <time>2025-02-12T12:24:53Z</time>
        <extensions>
          <geotracker:meta c="3.89" s="19.95" />
        </extensions>
      </trkpt>
      <trkpt lat="30.41868979" lon="76.52635898">
        <ele>211.95</ele>
        <time>2025-02-12T12:24:54Z</time>
        <extensions>
          <geotracker:meta c="3.89" s="20.13" />
        </extensions>
      </trkpt>
      <trkpt lat="30.41855732" lon="76.52621368">
        <ele>211.97</ele>
        <time>2025-02-12T12:24:55Z</time>
        <extensions>
          <geotracker:meta c="3.89" s="20.29" />
        </extensions>
      </trkpt>
      <trkpt lat="30.41842928" lon="76.52606969">
        <ele>212.03</ele>
        <time>2025-02-12T12:24:56Z</time>
        <extensions>
          <geotracker:meta c="3.9" s="19.81" />
        </extensions>
      </trkpt>
      <trkpt lat="30.41829805" lon="76.52593226">
        <ele>212.17</ele>
        <time>2025-02-12T12:24:57Z</time>
        <extensions>
          <geotracker:meta c="3.9" s="19.51" />
        </extensions>
      </trkpt>
      <trkpt lat="30.41817035" lon="76.52579345">
        <ele>212.43</ele>
        <time>2025-02-12T12:24:58Z</time>
        <extensions>
          <geotracker:meta c="3.91" s="19.69" />
        </extensions>
      </trkpt>
      <trkpt lat="30.41804077" lon="76.52565588">
        <ele>212.59</ele>
        <time>2025-02-12T12:24:59Z</time>
        <extensions>
          <geotracker:meta c="3.9" s="19.93" />
        </extensions>
      </trkpt>
      <trkpt lat="30.41790793" lon="76.52551339">
        <ele>212.88</ele>
        <time>2025-02-12T12:25:00Z</time>
        <extensions>
          <geotracker:meta c="3.89" s="20.21" />
        </extensions>
      </trkpt>
      <trkpt lat="30.41776999" lon="76.52536406">
        <ele>212.72</ele>
        <time>2025-02-12T12:25:01Z</time>
        <extensions>
          <geotracker:meta c="3.89" s="20.74" />
        </extensions>
      </trkpt>
      <trkpt lat="30.41763113" lon="76.52521753">
        <ele>212.74</ele>
        <time>2025-02-12T12:25:02Z</time>
        <extensions>
          <geotracker:meta c="3.89" s="21" />
        </extensions>
      </trkpt>
      <trkpt lat="30.41749652" lon="76.5250694">
        <ele>212.77</ele>
        <time>2025-02-12T12:25:03Z</time>
        <extensions>
          <geotracker:meta c="3.89" s="20.64" />
        </extensions>
      </trkpt>
      <trkpt lat="30.41736061" lon="76.52492461">
        <ele>212.73</ele>
        <time>2025-02-12T12:25:04Z</time>
        <extensions>
          <geotracker:meta c="3.9" s="20.1" />
        </extensions>
      </trkpt>
      <trkpt lat="30.41722874" lon="76.52477945">
        <ele>212.91</ele>
        <time>2025-02-12T12:25:05Z</time>
        <extensions>
          <geotracker:meta c="3.9" s="20.2" />
        </extensions>
      </trkpt>
      <trkpt lat="30.41709253" lon="76.52463091">
        <ele>213.37</ele>
        <time>2025-02-12T12:25:06Z</time>
        <extensions>
          <geotracker:meta c="3.9" s="20.62" />
        </extensions>
      </trkpt>
      <trkpt lat="30.41694991" lon="76.52448221">
        <ele>213.54</ele>
        <time>2025-02-12T12:25:07Z</time>
        <extensions>
          <geotracker:meta c="3.9" s="21.02" />
        </extensions>
      </trkpt>
      <trkpt lat="30.41680893" lon="76.52433267">
        <ele>213.68</ele>
        <time>2025-02-12T12:25:08Z</time>
        <extensions>
          <geotracker:meta c="3.9" s="21.19" />
        </extensions>
      </trkpt>
      <trkpt lat="30.41667068" lon="76.52417609">
        <ele>213.76</ele>
        <time>2025-02-12T12:25:09Z</time>
        <extensions>
          <geotracker:meta c="3.9" s="21.47" />
        </extensions>
      </trkpt>
      <trkpt lat="30.41652949" lon="76.52402036">
        <ele>213.79</ele>
        <time>2025-02-12T12:25:10Z</time>
        <extensions>
          <geotracker:meta c="3.9" s="21.57" />
        </extensions>
      </trkpt>
      <trkpt lat="30.41638906" lon="76.52386296">
        <ele>213.82</ele>
        <time>2025-02-12T12:25:11Z</time>
        <extensions>
          <geotracker:meta c="3.9" s="21.64" />
        </extensions>
      </trkpt>
      <trkpt lat="30.41624829" lon="76.52370522">
        <ele>213.62</ele>
        <time>2025-02-12T12:25:12Z</time>
        <extensions>
          <geotracker:meta c="3.9" s="21.83" />
        </extensions>
      </trkpt>
      <trkpt lat="30.41609928" lon="76.52354639">
        <ele>213.79</ele>
        <time>2025-02-12T12:25:13Z</time>
        <extensions>
          <geotracker:meta c="3.9" s="22.27" />
        </extensions>
      </trkpt>
      <trkpt lat="30.41594831" lon="76.52338628">
        <ele>213.54</ele>
        <time>2025-02-12T12:25:14Z</time>
        <extensions>
          <geotracker:meta c="3.89" s="22.72" />
        </extensions>
      </trkpt>
      <trkpt lat="30.41579554" lon="76.52322446">
        <ele>213.4</ele>
        <time>2025-02-12T12:25:15Z</time>
        <extensions>
          <geotracker:meta c="3.89" s="23.18" />
        </extensions>
      </trkpt>
      <trkpt lat="30.41563643" lon="76.5230602">
        <ele>213.33</ele>
        <time>2025-02-12T12:25:16Z</time>
        <extensions>
          <geotracker:meta c="3.89" s="23.62" />
        </extensions>
      </trkpt>
      <trkpt lat="30.41548069" lon="76.52288713">
        <ele>213.35</ele>
        <time>2025-02-12T12:25:17Z</time>
        <extensions>
          <geotracker:meta c="3.9" s="24.03" />
        </extensions>
      </trkpt>
      <trkpt lat="30.41532154" lon="76.52271147">
        <ele>213.45</ele>
        <time>2025-02-12T12:25:18Z</time>
        <extensions>
          <geotracker:meta c="3.9" s="24.42" />
        </extensions>
      </trkpt>
      <trkpt lat="30.41515753" lon="76.52253135">
        <ele>213.42</ele>
        <time>2025-02-12T12:25:19Z</time>
        <extensions>
          <geotracker:meta c="3.91" s="24.85" />
        </extensions>
      </trkpt>
      <trkpt lat="30.41499228" lon="76.52234607">
        <ele>213.38</ele>
        <time>2025-02-12T12:25:20Z</time>
        <extensions>
          <geotracker:meta c="3.91" s="25.26" />
        </extensions>
      </trkpt>
      <trkpt lat="30.41482891" lon="76.52215316">
        <ele>213.17</ele>
        <time>2025-02-12T12:25:21Z</time>
        <extensions>
          <geotracker:meta c="3.92" s="25.69" />
        </extensions>
      </trkpt>
      <trkpt lat="30.41466143" lon="76.52196234">
        <ele>213.33</ele>
        <time>2025-02-12T12:25:22Z</time>
        <extensions>
          <geotracker:meta c="3.92" s="26.07" />
        </extensions>
      </trkpt>
      <trkpt lat="30.41448678" lon="76.52176547">
        <ele>213.4</ele>
        <time>2025-02-12T12:25:23Z</time>
        <extensions>
          <geotracker:meta c="3.91" s="26.5" />
        </extensions>
      </trkpt>
      <trkpt lat="30.41431516" lon="76.52156711">
        <ele>213.05</ele>
        <time>2025-02-12T12:25:24Z</time>
        <extensions>
          <geotracker:meta c="3.9" s="26.92" />
        </extensions>
      </trkpt>
      <trkpt lat="30.41413801" lon="76.52137866">
        <ele>212.94</ele>
        <time>2025-02-12T12:25:25Z</time>
        <extensions>
          <geotracker:meta c="3.9" s="26.91" />
        </extensions>
      </trkpt>
      <trkpt lat="30.41396968" lon="76.52118929">
        <ele>213.09</ele>
        <time>2025-02-12T12:25:26Z</time>
        <extensions>
          <geotracker:meta c="3.9" s="26.04" />
        </extensions>
      </trkpt>
      <trkpt lat="30.41380781" lon="76.52101266">
        <ele>212.64</ele>
        <time>2025-02-12T12:25:27Z</time>
        <extensions>
          <geotracker:meta c="3.89" s="24.99" />
        </extensions>
      </trkpt>
      <trkpt lat="30.41364661" lon="76.52083432">
        <ele>212.53</ele>
        <time>2025-02-12T12:25:28Z</time>
        <extensions>
          <geotracker:meta c="3.9" s="24.82" />
        </extensions>
      </trkpt>
      <trkpt lat="30.41348434" lon="76.52065389">
        <ele>212.21</ele>
        <time>2025-02-12T12:25:29Z</time>
        <extensions>
          <geotracker:meta c="3.91" s="25.09" />
        </extensions>
      </trkpt>
      <trkpt lat="30.41331749" lon="76.52047024">
        <ele>212.16</ele>
        <time>2025-02-12T12:25:30Z</time>
        <extensions>
          <geotracker:meta c="3.91" s="25.52" />
        </extensions>
      </trkpt>
      <trkpt lat="30.41314935" lon="76.52027849">
        <ele>212.24</ele>
        <time>2025-02-12T12:25:31Z</time>
        <extensions>
          <geotracker:meta c="3.91" s="25.96" />
        </extensions>
      </trkpt>
      <trkpt lat="30.41297364" lon="76.52009481">
        <ele>212.49</ele>
        <time>2025-02-12T12:25:32Z</time>
        <extensions>
          <geotracker:meta c="3.88" s="26.39" />
        </extensions>
      </trkpt>
      <trkpt lat="30.41279679" lon="76.51991258">
        <ele>212.67</ele>
        <time>2025-02-12T12:25:33Z</time>
        <extensions>
          <geotracker:meta c="3.86" s="26.81" />
        </extensions>
      </trkpt>
      <trkpt lat="30.41260825" lon="76.51973365">
        <ele>213.04</ele>
        <time>2025-02-12T12:25:34Z</time>
        <extensions>
          <geotracker:meta c="3.84" s="27.22" />
        </extensions>
      </trkpt>
      <trkpt lat="30.41241775" lon="76.51955153">
        <ele>212.83</ele>
        <time>2025-02-12T12:25:35Z</time>
        <extensions>
          <geotracker:meta c="3.84" s="27.49" />
        </extensions>
      </trkpt>
      <trkpt lat="30.41222572" lon="76.51936318">
        <ele>212.67</ele>
        <time>2025-02-12T12:25:36Z</time>
        <extensions>
          <geotracker:meta c="3.83" s="28.01" />
        </extensions>
      </trkpt>
      <trkpt lat="30.41203055" lon="76.51917835">
        <ele>212.57</ele>
        <time>2025-02-12T12:25:37Z</time>
        <extensions>
          <geotracker:meta c="3.82" s="28.17" />
        </extensions>
      </trkpt>
      <trkpt lat="30.41183572" lon="76.51899499">
        <ele>212.9</ele>
        <time>2025-02-12T12:25:38Z</time>
        <extensions>
          <geotracker:meta c="3.81" s="28.18" />
        </extensions>
      </trkpt>
      <trkpt lat="30.41164148" lon="76.51881695">
        <ele>212.9</ele>
        <time>2025-02-12T12:25:39Z</time>
        <extensions>
          <geotracker:meta c="3.81" s="27.64" />
        </extensions>
      </trkpt>
      <trkpt lat="30.41144794" lon="76.51864627">
        <ele>212.99</ele>
        <time>2025-02-12T12:25:40Z</time>
        <extensions>
          <geotracker:meta c="3.8" s="27.27" />
        </extensions>
      </trkpt>
      <trkpt lat="30.41125405" lon="76.51847867">
        <ele>213.68</ele>
        <time>2025-02-12T12:25:41Z</time>
        <extensions>
          <geotracker:meta c="3.8" s="27.19" />
        </extensions>
      </trkpt>
      <trkpt lat="30.41105383" lon="76.51830386">
        <ele>214.14</ele>
        <time>2025-02-12T12:25:42Z</time>
        <extensions>
          <geotracker:meta c="3.8" s="27.62" />
        </extensions>
      </trkpt>
      <trkpt lat="30.41085973" lon="76.51813799">
        <ele>214.08</ele>
        <time>2025-02-12T12:25:43Z</time>
        <extensions>
          <geotracker:meta c="3.8" s="27.37" />
        </extensions>
      </trkpt>
      <trkpt lat="30.41066071" lon="76.51796287">
        <ele>215.21</ele>
        <time>2025-02-12T12:25:44Z</time>
        <extensions>
          <geotracker:meta c="3.8" s="27.35" />
        </extensions>
      </trkpt>
      <trkpt lat="30.41047133" lon="76.51778427">
        <ele>214.24</ele>
        <time>2025-02-12T12:25:45Z</time>
        <extensions>
          <geotracker:meta c="3.8" s="27.35" />
        </extensions>
      </trkpt>
      <trkpt lat="30.41027884" lon="76.51760732">
        <ele>214.34</ele>
        <time>2025-02-12T12:25:46Z</time>
        <extensions>
          <geotracker:meta c="3.8" s="27.22" />
        </extensions>
      </trkpt>
      <trkpt lat="30.41007957" lon="76.5174275">
        <ele>214.08</ele>
        <time>2025-02-12T12:25:47Z</time>
        <extensions>
          <geotracker:meta c="3.8" s="27.56" />
        </extensions>
      </trkpt>
      <trkpt lat="30.40988372" lon="76.51725085">
        <ele>214.28</ele>
        <time>2025-02-12T12:25:48Z</time>
        <extensions>
          <geotracker:meta c="3.8" s="27.51" />
        </extensions>
      </trkpt>
      <trkpt lat="30.40968699" lon="76.51706692">
        <ele>214.22</ele>
        <time>2025-02-12T12:25:49Z</time>
        <extensions>
          <geotracker:meta c="3.8" s="27.74" />
        </extensions>
      </trkpt>
      <trkpt lat="30.40949288" lon="76.51689667">
        <ele>214.96</ele>
        <time>2025-02-12T12:25:50Z</time>
        <extensions>
          <geotracker:meta c="3.8" s="27.75" />
        </extensions>
      </trkpt>
      <trkpt lat="30.40929562" lon="76.51672292">
        <ele>215.08</ele>
        <time>2025-02-12T12:25:51Z</time>
        <extensions>
          <geotracker:meta c="3.8" s="27.6" />
        </extensions>
      </trkpt>
      <trkpt lat="30.40909822" lon="76.51655254">
        <ele>215.28</ele>
        <time>2025-02-12T12:25:52Z</time>
        <extensions>
          <geotracker:meta c="3.8" s="27.52" />
        </extensions>
      </trkpt>
      <trkpt lat="30.40890234" lon="76.51637584">
        <ele>214.96</ele>
        <time>2025-02-12T12:25:53Z</time>
        <extensions>
          <geotracker:meta c="3.8" s="27.72" />
        </extensions>
      </trkpt>
      <trkpt lat="30.4086971" lon="76.51620168">
        <ele>215.73</ele>
        <time>2025-02-12T12:25:54Z</time>
        <extensions>
          <geotracker:meta c="3.8" s="27.79" />
        </extensions>
      </trkpt>
      <trkpt lat="30.40850639" lon="76.5160196">
        <ele>215.96</ele>
        <time>2025-02-12T12:25:55Z</time>
        <extensions>
          <geotracker:meta c="3.79" s="27.56" />
        </extensions>
      </trkpt>
      <trkpt lat="30.40831307" lon="76.51584993">
        <ele>216.21</ele>
        <time>2025-02-12T12:25:56Z</time>
        <extensions>
          <geotracker:meta c="3.78" s="27.37" />
        </extensions>
      </trkpt>
      <trkpt lat="30.40811584" lon="76.51568172">
        <ele>216.58</ele>
        <time>2025-02-12T12:25:57Z</time>
        <extensions>
          <geotracker:meta c="3.78" s="27" />
        </extensions>
      </trkpt>
      <trkpt lat="30.40793351" lon="76.51552213">
        <ele>214.84</ele>
        <time>2025-02-12T12:25:58Z</time>
        <extensions>
          <geotracker:meta c="3.78" s="25.81" />
        </extensions>
      </trkpt>
      <trkpt lat="30.4077603" lon="76.51537103">
        <ele>213.67</ele>
        <time>2025-02-12T12:25:59Z</time>
        <extensions>
          <geotracker:meta c="3.79" s="23.89" />
        </extensions>
      </trkpt>
      <trkpt lat="30.40760207" lon="76.51523015">
        <ele>213.29</ele>
        <time>2025-02-12T12:26:00Z</time>
        <extensions>
          <geotracker:meta c="3.8" s="21.8" />
        </extensions>
      </trkpt>
      <trkpt lat="30.40746214" lon="76.51510939">
        <ele>213.14</ele>
        <time>2025-02-12T12:26:01Z</time>
        <extensions>
          <geotracker:meta c="3.81" s="19.08" />
        </extensions>
      </trkpt>
      <trkpt lat="30.40734819" lon="76.51500442">
        <ele>213.24</ele>
        <time>2025-02-12T12:26:02Z</time>
        <extensions>
          <geotracker:meta c="3.82" s="16.06" />
        </extensions>
      </trkpt>
      <trkpt lat="30.40723931" lon="76.51490398">
        <ele>212.92</ele>
        <time>2025-02-12T12:26:03Z</time>
        <extensions>
          <geotracker:meta c="3.83" s="15.26" />
        </extensions>
      </trkpt>
      <trkpt lat="30.40714036" lon="76.51480847">
        <ele>211.3</ele>
        <time>2025-02-12T12:26:04Z</time>
        <extensions>
          <geotracker:meta c="3.83" s="14.96" />
        </extensions>
      </trkpt>
      <trkpt lat="30.40703826" lon="76.5147144">
        <ele>210.92</ele>
        <time>2025-02-12T12:26:05Z</time>
        <extensions>
          <geotracker:meta c="3.83" s="14.57" />
        </extensions>
      </trkpt>
      <trkpt lat="30.40693966" lon="76.51462165">
        <ele>211.57</ele>
        <time>2025-02-12T12:26:06Z</time>
        <extensions>
          <geotracker:meta c="3.82" s="14.25" />
        </extensions>
      </trkpt>
      <trkpt lat="30.40684113" lon="76.51453085">
        <ele>211.57</ele>
        <time>2025-02-12T12:26:07Z</time>
        <extensions>
          <geotracker:meta c="3.82" s="13.82" />
        </extensions>
      </trkpt>
      <trkpt lat="30.40674129" lon="76.51443875">
        <ele>211.67</ele>
        <time>2025-02-12T12:26:08Z</time>
        <extensions>
          <geotracker:meta c="3.82" s="13.88" />
        </extensions>
      </trkpt>
      <trkpt lat="30.4066383" lon="76.51434839">
        <ele>211.95</ele>
        <time>2025-02-12T12:26:09Z</time>
        <extensions>
          <geotracker:meta c="3.81" s="14.18" />
        </extensions>
      </trkpt>
      <trkpt lat="30.40653429" lon="76.51425647">
        <ele>212.09</ele>
        <time>2025-02-12T12:26:10Z</time>
        <extensions>
          <geotracker:meta c="3.81" s="14.47" />
        </extensions>
      </trkpt>
      <trkpt lat="30.40642785" lon="76.51416032">
        <ele>211.88</ele>
        <time>2025-02-12T12:26:11Z</time>
        <extensions>
          <geotracker:meta c="3.8" s="14.87" />
        </extensions>
      </trkpt>
      <trkpt lat="30.40631877" lon="76.51406422">
        <ele>211.84</ele>
        <time>2025-02-12T12:26:12Z</time>
        <extensions>
          <geotracker:meta c="3.8" s="15.39" />
        </extensions>
      </trkpt>
      <trkpt lat="30.40620596" lon="76.51396226">
        <ele>211.78</ele>
        <time>2025-02-12T12:26:13Z</time>
        <extensions>
          <geotracker:meta c="3.8" s="16.1" />
        </extensions>
      </trkpt>
      <trkpt lat="30.40608591" lon="76.5138562">
        <ele>211.68</ele>
        <time>2025-02-12T12:26:14Z</time>
        <extensions>
          <geotracker:meta c="3.8" s="16.75" />
        </extensions>
      </trkpt>
      <trkpt lat="30.40596256" lon="76.51374105">
        <ele>211.67</ele>
        <time>2025-02-12T12:26:15Z</time>
        <extensions>
          <geotracker:meta c="3.82" s="17.37" />
        </extensions>
      </trkpt>
      <trkpt lat="30.40583449" lon="76.51362065">
        <ele>211.9</ele>
        <time>2025-02-12T12:26:16Z</time>
        <extensions>
          <geotracker:meta c="3.84" s="18.07" />
        </extensions>
      </trkpt>
      <trkpt lat="30.40570569" lon="76.51349558">
        <ele>211.72</ele>
        <time>2025-02-12T12:26:17Z</time>
        <extensions>
          <geotracker:meta c="3.86" s="18.69" />
        </extensions>
      </trkpt>
      <trkpt lat="30.40557132" lon="76.51336239">
        <ele>211.92</ele>
        <time>2025-02-12T12:26:18Z</time>
        <extensions>
          <geotracker:meta c="3.85" s="19.33" />
        </extensions>
      </trkpt>
      <trkpt lat="30.40543165" lon="76.51323134">
        <ele>211.93</ele>
        <time>2025-02-12T12:26:19Z</time>
        <extensions>
          <geotracker:meta c="3.82" s="19.93" />
        </extensions>
      </trkpt>
      <trkpt lat="30.40528834" lon="76.51309696">
        <ele>212.07</ele>
        <time>2025-02-12T12:26:20Z</time>
        <extensions>
          <geotracker:meta c="3.81" s="20.55" />
        </extensions>
      </trkpt>
      <trkpt lat="30.40513536" lon="76.51296138">
        <ele>211.94</ele>
        <time>2025-02-12T12:26:21Z</time>
        <extensions>
          <geotracker:meta c="3.8" s="21.2" />
        </extensions>
      </trkpt>
      <trkpt lat="30.40497958" lon="76.51281616">
        <ele>211.83</ele>
        <time>2025-02-12T12:26:22Z</time>
        <extensions>
          <geotracker:meta c="3.8" s="21.8" />
        </extensions>
      </trkpt>
      <trkpt lat="30.40481969" lon="76.51267171">
        <ele>212.43</ele>
        <time>2025-02-12T12:26:23Z</time>
        <extensions>
          <geotracker:meta c="3.8" s="22.38" />
        </extensions>
      </trkpt>
      <trkpt lat="30.4046617" lon="76.51252564">
        <ele>212.9</ele>
        <time>2025-02-12T12:26:24Z</time>
        <extensions>
          <geotracker:meta c="3.8" s="22.51" />
        </extensions>
      </trkpt>
      <trkpt lat="30.40449423" lon="76.51237981">
        <ele>212.91</ele>
        <time>2025-02-12T12:26:25Z</time>
        <extensions>
          <geotracker:meta c="3.79" s="22.91" />
        </extensions>
      </trkpt>
      <trkpt lat="30.40432708" lon="76.51223427">
        <ele>213.29</ele>
        <time>2025-02-12T12:26:26Z</time>
        <extensions>
          <geotracker:meta c="3.79" s="23.37" />
        </extensions>
      </trkpt>
      <trkpt lat="30.40415639" lon="76.51208004">
        <ele>213.27</ele>
        <time>2025-02-12T12:26:27Z</time>
        <extensions>
          <geotracker:meta c="3.8" s="23.81" />
        </extensions>
      </trkpt>
      <trkpt lat="30.40398152" lon="76.51192979">
        <ele>213.4</ele>
        <time>2025-02-12T12:26:28Z</time>
        <extensions>
          <geotracker:meta c="3.8" s="24.24" />
        </extensions>
      </trkpt>
      <trkpt lat="30.40380648" lon="76.51177167">
        <ele>213.44</ele>
        <time>2025-02-12T12:26:29Z</time>
        <extensions>
          <geotracker:meta c="3.8" s="24.65" />
        </extensions>
      </trkpt>
      <trkpt lat="30.40362863" lon="76.51161332">
        <ele>213.41</ele>
        <time>2025-02-12T12:26:30Z</time>
        <extensions>
          <geotracker:meta c="3.8" s="25.06" />
        </extensions>
      </trkpt>
      <trkpt lat="30.40344719" lon="76.51145071">
        <ele>213.23</ele>
        <time>2025-02-12T12:26:31Z</time>
        <extensions>
          <geotracker:meta c="3.8" s="25.49" />
        </extensions>
      </trkpt>
      <trkpt lat="30.40326181" lon="76.51128661">
        <ele>213.31</ele>
        <time>2025-02-12T12:26:32Z</time>
        <extensions>
          <geotracker:meta c="3.8" s="25.87" />
        </extensions>
      </trkpt>
      <trkpt lat="30.40307521" lon="76.51112111">
        <ele>213.4</ele>
        <time>2025-02-12T12:26:33Z</time>
        <extensions>
          <geotracker:meta c="3.8" s="26.03" />
        </extensions>
      </trkpt>
      <trkpt lat="30.40289221" lon="76.51095453">
        <ele>213.46</ele>
        <time>2025-02-12T12:26:34Z</time>
        <extensions>
          <geotracker:meta c="3.8" s="26.03" />
        </extensions>
      </trkpt>
      <trkpt lat="30.40270629" lon="76.51078249">
        <ele>213.52</ele>
        <time>2025-02-12T12:26:35Z</time>
        <extensions>
          <geotracker:meta c="3.8" s="26.18" />
        </extensions>
      </trkpt>
      <trkpt lat="30.40252015" lon="76.51061081">
        <ele>213.33</ele>
        <time>2025-02-12T12:26:36Z</time>
        <extensions>
          <geotracker:meta c="3.8" s="26.33" />
        </extensions>
      </trkpt>
      <trkpt lat="30.40233282" lon="76.51044108">
        <ele>213.05</ele>
        <time>2025-02-12T12:26:37Z</time>
        <extensions>
          <geotracker:meta c="3.8" s="26.56" />
        </extensions>
      </trkpt>
      <trkpt lat="30.40214106" lon="76.51027115">
        <ele>212.53</ele>
        <time>2025-02-12T12:26:38Z</time>
        <extensions>
          <geotracker:meta c="3.8" s="26.66" />
        </extensions>
      </trkpt>
      <trkpt lat="30.40194836" lon="76.5100988">
        <ele>212.53</ele>
        <time>2025-02-12T12:26:39Z</time>
        <extensions>
          <geotracker:meta c="3.8" s="26.7" />
        </extensions>
      </trkpt>
      <trkpt lat="30.4017591" lon="76.50992993">
        <ele>212.56</ele>
        <time>2025-02-12T12:26:40Z</time>
        <extensions>
          <geotracker:meta c="3.8" s="26.72" />
        </extensions>
      </trkpt>
      <trkpt lat="30.40156327" lon="76.5097576">
        <ele>212.48</ele>
        <time>2025-02-12T12:26:41Z</time>
        <extensions>
          <geotracker:meta c="3.81" s="27" />
        </extensions>
      </trkpt>
      <trkpt lat="30.40137067" lon="76.50958323">
        <ele>212.19</ele>
        <time>2025-02-12T12:26:42Z</time>
        <extensions>
          <geotracker:meta c="3.81" s="27.16" />
        </extensions>
      </trkpt>
      <trkpt lat="30.4011776" lon="76.50940932">
        <ele>212.17</ele>
        <time>2025-02-12T12:26:43Z</time>
        <extensions>
          <geotracker:meta c="3.81" s="27.25" />
        </extensions>
      </trkpt>
      <trkpt lat="30.40098458" lon="76.50923534">
        <ele>211.89</ele>
        <time>2025-02-12T12:26:44Z</time>
        <extensions>
          <geotracker:meta c="3.8" s="27.32" />
        </extensions>
      </trkpt>
      <trkpt lat="30.40079059" lon="76.50906159">
        <ele>211.7</ele>
        <time>2025-02-12T12:26:45Z</time>
        <extensions>
          <geotracker:meta c="3.8" s="27.35" />
        </extensions>
      </trkpt>
      <trkpt lat="30.40059336" lon="76.50888395">
        <ele>211.38</ele>
        <time>2025-02-12T12:26:46Z</time>
        <extensions>
          <geotracker:meta c="3.81" s="27.45" />
        </extensions>
      </trkpt>
      <trkpt lat="30.40039971" lon="76.50870512">
        <ele>211.42</ele>
        <time>2025-02-12T12:26:47Z</time>
        <extensions>
          <geotracker:meta c="3.8" s="27.48" />
        </extensions>
      </trkpt>
      <trkpt lat="30.40020534" lon="76.50853057">
        <ele>211.42</ele>
        <time>2025-02-12T12:26:48Z</time>
        <extensions>
          <geotracker:meta c="3.81" s="27.22" />
        </extensions>
      </trkpt>
      <trkpt lat="30.40001739" lon="76.50835862">
        <ele>211.42</ele>
        <time>2025-02-12T12:26:49Z</time>
        <extensions>
          <geotracker:meta c="3.8" s="26.62" />
        </extensions>
      </trkpt>
      <trkpt lat="30.39982658" lon="76.50819649">
        <ele>211.69</ele>
        <time>2025-02-12T12:26:50Z</time>
        <extensions>
          <geotracker:meta c="3.8" s="26.31" />
        </extensions>
      </trkpt>
      <trkpt lat="30.39963695" lon="76.50802983">
        <ele>211.95</ele>
        <time>2025-02-12T12:26:51Z</time>
        <extensions>
          <geotracker:meta c="3.8" s="26.52" />
        </extensions>
      </trkpt>
      <trkpt lat="30.39944611" lon="76.50785762">
        <ele>211.81</ele>
        <time>2025-02-12T12:26:52Z</time>
        <extensions>
          <geotracker:meta c="3.81" s="26.86" />
        </extensions>
      </trkpt>
      <trkpt lat="30.39925695" lon="76.50768579">
        <ele>212.13</ele>
        <time>2025-02-12T12:26:53Z</time>
        <extensions>
          <geotracker:meta c="3.82" s="27.02" />
        </extensions>
      </trkpt>
      <trkpt lat="30.39906761" lon="76.5075067">
        <ele>211.82</ele>
        <time>2025-02-12T12:26:54Z</time>
        <extensions>
          <geotracker:meta c="3.82" s="27.03" />
        </extensions>
      </trkpt>
      <trkpt lat="30.39887895" lon="76.50733074">
        <ele>211.67</ele>
        <time>2025-02-12T12:26:55Z</time>
        <extensions>
          <geotracker:meta c="3.82" s="27.03" />
        </extensions>
      </trkpt>
      <trkpt lat="30.39868905" lon="76.50715364">
        <ele>211.43</ele>
        <time>2025-02-12T12:26:56Z</time>
        <extensions>
          <geotracker:meta c="3.83" s="27.18" />
        </extensions>
      </trkpt>
      <trkpt lat="30.39849712" lon="76.50697286">
        <ele>211.09</ele>
        <time>2025-02-12T12:26:57Z</time>
        <extensions>
          <geotracker:meta c="3.83" s="27.5" />
        </extensions>
      </trkpt>
      <trkpt lat="30.3983049" lon="76.50678269">
        <ele>210.75</ele>
        <time>2025-02-12T12:26:58Z</time>
        <extensions>
          <geotracker:meta c="3.85" s="27.65" />
        </extensions>
      </trkpt>
      <trkpt lat="30.39811595" lon="76.50659306">
        <ele>210.59</ele>
        <time>2025-02-12T12:26:59Z</time>
        <extensions>
          <geotracker:meta c="3.87" s="27.66" />
        </extensions>
      </trkpt>
      <trkpt lat="30.39793077" lon="76.50639702">
        <ele>210.1</ele>
        <time>2025-02-12T12:27:00Z</time>
        <extensions>
          <geotracker:meta c="3.89" s="27.61" />
        </extensions>
      </trkpt>
      <trkpt lat="30.39774504" lon="76.50619843">
        <ele>210.07</ele>
        <time>2025-02-12T12:27:01Z</time>
        <extensions>
          <geotracker:meta c="3.9" s="27.22" />
        </extensions>
      </trkpt>
      <trkpt lat="30.39756527" lon="76.5060068">
        <ele>209.98</ele>
        <time>2025-02-12T12:27:02Z</time>
        <extensions>
          <geotracker:meta c="3.9" s="26.81" />
        </extensions>
      </trkpt>
      <trkpt lat="30.39738969" lon="76.50581405">
        <ele>209.87</ele>
        <time>2025-02-12T12:27:03Z</time>
        <extensions>
          <geotracker:meta c="3.9" s="27.02" />
        </extensions>
      </trkpt>
      <trkpt lat="30.39721264" lon="76.50562485">
        <ele>209.65</ele>
        <time>2025-02-12T12:27:04Z</time>
        <extensions>
          <geotracker:meta c="3.9" s="26.99" />
        </extensions>
      </trkpt>
      <trkpt lat="30.39704222" lon="76.50543044">
        <ele>209.57</ele>
        <time>2025-02-12T12:27:05Z</time>
        <extensions>
          <geotracker:meta c="3.93" s="26.55" />
        </extensions>
      </trkpt>
      <trkpt lat="30.39687495" lon="76.50523201">
        <ele>209.69</ele>
        <time>2025-02-12T12:27:06Z</time>
        <extensions>
          <geotracker:meta c="3.94" s="26.64" />
        </extensions>
      </trkpt>
      <trkpt lat="30.39670401" lon="76.50502593">
        <ele>209.9</ele>
        <time>2025-02-12T12:27:07Z</time>
        <extensions>
          <geotracker:meta c="3.94" s="27.06" />
        </extensions>
      </trkpt>
      <trkpt lat="30.39652787" lon="76.50482063">
        <ele>210.12</ele>
        <time>2025-02-12T12:27:08Z</time>
        <extensions>
          <geotracker:meta c="3.93" s="27.5" />
        </extensions>
      </trkpt>
      <trkpt lat="30.39634956" lon="76.50461174">
        <ele>210.08</ele>
        <time>2025-02-12T12:27:09Z</time>
        <extensions>
          <geotracker:meta c="3.93" s="27.85" />
        </extensions>
      </trkpt>
      <trkpt lat="30.3961656" lon="76.50440317">
        <ele>210.2</ele>
        <time>2025-02-12T12:27:10Z</time>
        <extensions>
          <geotracker:meta c="3.92" s="28.24" />
        </extensions>
      </trkpt>
      <trkpt lat="30.39598063" lon="76.50419534">
        <ele>210.52</ele>
        <time>2025-02-12T12:27:11Z</time>
        <extensions>
          <geotracker:meta c="3.91" s="28.5" />
        </extensions>
      </trkpt>
      <trkpt lat="30.39579765" lon="76.50399371">
        <ele>210.45</ele>
        <time>2025-02-12T12:27:12Z</time>
        <extensions>
          <geotracker:meta c="3.91" s="28.24" />
        </extensions>
      </trkpt>
      <trkpt lat="30.39561979" lon="76.50379121">
        <ele>210.62</ele>
        <time>2025-02-12T12:27:13Z</time>
        <extensions>
          <geotracker:meta c="3.92" s="27.44" />
        </extensions>
      </trkpt>
      <trkpt lat="30.39545602" lon="76.50360237">
        <ele>210.39</ele>
        <time>2025-02-12T12:27:14Z</time>
        <extensions>
          <geotracker:meta c="3.92" s="26.02" />
        </extensions>
      </trkpt>
      <trkpt lat="30.39529722" lon="76.50341534">
        <ele>210.4</ele>
        <time>2025-02-12T12:27:15Z</time>
        <extensions>
          <geotracker:meta c="3.93" s="25.2" />
        </extensions>
      </trkpt>
      <trkpt lat="30.39514156" lon="76.50323228">
        <ele>210.62</ele>
        <time>2025-02-12T12:27:16Z</time>
        <extensions>
          <geotracker:meta c="3.92" s="24.61" />
        </extensions>
      </trkpt>
      <trkpt lat="30.39498232" lon="76.50305442">
        <ele>210.49</ele>
        <time>2025-02-12T12:27:17Z</time>
        <extensions>
          <geotracker:meta c="3.92" s="24.57" />
        </extensions>
      </trkpt>
      <trkpt lat="30.3948235" lon="76.50287407">
        <ele>210.69</ele>
        <time>2025-02-12T12:27:18Z</time>
        <extensions>
          <geotracker:meta c="3.93" s="24.68" />
        </extensions>
      </trkpt>
      <trkpt lat="30.39466736" lon="76.50269447">
        <ele>211.31</ele>
        <time>2025-02-12T12:27:19Z</time>
        <extensions>
          <geotracker:meta c="3.93" s="24.77" />
        </extensions>
      </trkpt>
      <trkpt lat="30.39450893" lon="76.5025112">
        <ele>211.35</ele>
        <time>2025-02-12T12:27:20Z</time>
        <extensions>
          <geotracker:meta c="3.93" s="24.88" />
        </extensions>
      </trkpt>
      <trkpt lat="30.39434859" lon="76.50232541">
        <ele>211.22</ele>
        <time>2025-02-12T12:27:21Z</time>
        <extensions>
          <geotracker:meta c="3.93" s="25.26" />
        </extensions>
      </trkpt>
      <trkpt lat="30.39418463" lon="76.5021365">
        <ele>211.18</ele>
        <time>2025-02-12T12:27:22Z</time>
        <extensions>
          <geotracker:meta c="3.93" s="25.57" />
        </extensions>
      </trkpt>
      <trkpt lat="30.3940241" lon="76.50195157">
        <ele>211.03</ele>
        <time>2025-02-12T12:27:23Z</time>
        <extensions>
          <geotracker:meta c="3.92" s="25.37" />
        </extensions>
      </trkpt>
      <trkpt lat="30.39386876" lon="76.5017703">
        <ele>210.95</ele>
        <time>2025-02-12T12:27:24Z</time>
        <extensions>
          <geotracker:meta c="3.92" s="24.55" />
        </extensions>
      </trkpt>
      <trkpt lat="30.39371587" lon="76.50159613">
        <ele>211.03</ele>
        <time>2025-02-12T12:27:25Z</time>
        <extensions>
          <geotracker:meta c="3.92" s="23.9" />
        </extensions>
      </trkpt>
      <trkpt lat="30.39356515" lon="76.50142569">
        <ele>210.87</ele>
        <time>2025-02-12T12:27:26Z</time>
        <extensions>
          <geotracker:meta c="3.93" s="23.32" />
        </extensions>
      </trkpt>
      <trkpt lat="30.39342172" lon="76.50126131">
        <ele>210.87</ele>
        <time>2025-02-12T12:27:27Z</time>
        <extensions>
          <geotracker:meta c="3.94" s="22.46" />
        </extensions>
      </trkpt>
      <trkpt lat="30.39328276" lon="76.50110078">
        <ele>210.87</ele>
        <time>2025-02-12T12:27:28Z</time>
        <extensions>
          <geotracker:meta c="3.93" s="21.58" />
        </extensions>
      </trkpt>
      <trkpt lat="30.39314942" lon="76.50095026">
        <ele>210.84</ele>
        <time>2025-02-12T12:27:29Z</time>
        <extensions>
          <geotracker:meta c="3.92" s="20.74" />
        </extensions>
      </trkpt>
      <trkpt lat="30.39302132" lon="76.50080551">
        <ele>210.82</ele>
        <time>2025-02-12T12:27:30Z</time>
        <extensions>
          <geotracker:meta c="3.91" s="19.85" />
        </extensions>
      </trkpt>
      <trkpt lat="30.39289792" lon="76.50067018">
        <ele>210.83</ele>
        <time>2025-02-12T12:27:31Z</time>
        <extensions>
          <geotracker:meta c="3.9" s="18.97" />
        </extensions>
      </trkpt>
      <trkpt lat="30.39277841" lon="76.50054264">
        <ele>210.88</ele>
        <time>2025-02-12T12:27:32Z</time>
        <extensions>
          <geotracker:meta c="3.89" s="18.14" />
        </extensions>
      </trkpt>
      <trkpt lat="30.39266325" lon="76.50042212">
        <ele>211.08</ele>
        <time>2025-02-12T12:27:33Z</time>
        <extensions>
          <geotracker:meta c="3.89" s="17.38" />
        </extensions>
      </trkpt>
      <trkpt lat="30.39255224" lon="76.50030248">
        <ele>211.06</ele>
        <time>2025-02-12T12:27:34Z</time>
        <extensions>
          <geotracker:meta c="3.89" s="17.05" />
        </extensions>
      </trkpt>
      <trkpt lat="30.3924457" lon="76.50018696">
        <ele>211.14</ele>
        <time>2025-02-12T12:27:35Z</time>
        <extensions>
          <geotracker:meta c="3.89" s="16.42" />
        </extensions>
      </trkpt>
      <trkpt lat="30.39233749" lon="76.50007179">
        <ele>210.75</ele>
        <time>2025-02-12T12:27:36Z</time>
        <extensions>
          <geotracker:meta c="3.88" s="16.43" />
        </extensions>
      </trkpt>
      <trkpt lat="30.39222717" lon="76.49995405">
        <ele>210.52</ele>
        <time>2025-02-12T12:27:37Z</time>
        <extensions>
          <geotracker:meta c="3.88" s="16.6" />
        </extensions>
      </trkpt>
      <trkpt lat="30.39211296" lon="76.49984111">
        <ele>210.69</ele>
        <time>2025-02-12T12:27:38Z</time>
        <extensions>
          <geotracker:meta c="3.87" s="16.6" />
        </extensions>
      </trkpt>
      <trkpt lat="30.39200784" lon="76.4997294">
        <ele>210.92</ele>
        <time>2025-02-12T12:27:39Z</time>
        <extensions>
          <geotracker:meta c="3.89" s="15.85" />
        </extensions>
      </trkpt>
      <trkpt lat="30.39190607" lon="76.49961806">
        <ele>210.91</ele>
        <time>2025-02-12T12:27:40Z</time>
        <extensions>
          <geotracker:meta c="3.92" s="15.39" />
        </extensions>
      </trkpt>
      <trkpt lat="30.39181489" lon="76.49951127">
        <ele>210.93</ele>
        <time>2025-02-12T12:27:41Z</time>
        <extensions>
          <geotracker:meta c="3.94" s="14.64" />
        </extensions>
      </trkpt>
      <trkpt lat="30.39173088" lon="76.4994144">
        <ele>210.91</ele>
        <time>2025-02-12T12:27:42Z</time>
        <extensions>
          <geotracker:meta c="3.93" s="13.09" />
        </extensions>
      </trkpt>
      <trkpt lat="30.39165993" lon="76.49933031">
        <ele>210.98</ele>
        <time>2025-02-12T12:27:43Z</time>
        <extensions>
          <geotracker:meta c="3.93" s="11.36" />
        </extensions>
      </trkpt>
      <trkpt lat="30.39155187" lon="76.49920575">
        <ele>210.91</ele>
        <time>2025-02-12T12:27:45Z</time>
        <extensions>
          <geotracker:meta c="3.97" s="7.7" />
        </extensions>
      </trkpt>
      <trkpt lat="30.39148889" lon="76.49912933">
        <ele>210.77</ele>
        <time>2025-02-12T12:27:47Z</time>
        <extensions>
          <geotracker:meta c="3.94" s="4.67" />
        </extensions>
      </trkpt>
      <trkpt lat="30.39143003" lon="76.49903645">
        <ele>210.44</ele>
        <time>2025-02-12T12:27:59Z</time>
        <extensions>
          <geotracker:meta c="3.93" s="2.41" />
        </extensions>
      </trkpt>
      <trkpt lat="30.39135112" lon="76.49895184">
        <ele>212.6</ele>
        <time>2025-02-12T12:28:01Z</time>
        <extensions>
          <geotracker:meta c="3.92" s="5.18" />
        </extensions>
      </trkpt>
      <trkpt lat="30.39126256" lon="76.49885319">
        <ele>211.32</ele>
        <time>2025-02-12T12:28:03Z</time>
        <extensions>
          <geotracker:meta c="4.03" s="7.84" />
        </extensions>
      </trkpt>
      <trkpt lat="30.39115127" lon="76.49869671">
        <ele>211.68</ele>
        <time>2025-02-12T12:28:05Z</time>
        <extensions>
          <geotracker:meta c="4.01" s="10.24" />
        </extensions>
      </trkpt>
      <trkpt lat="30.39109106" lon="76.49860582">
        <ele>210.92</ele>
        <time>2025-02-12T12:28:06Z</time>
        <extensions>
          <geotracker:meta c="3.99" s="10.52" />
        </extensions>
      </trkpt>
      <trkpt lat="30.39102193" lon="76.49852119">
        <ele>210.23</ele>
        <time>2025-02-12T12:28:07Z</time>
        <extensions>
          <geotracker:meta c="3.97" s="11.28" />
        </extensions>
      </trkpt>
      <trkpt lat="30.3909491" lon="76.49842462">
        <ele>210.19</ele>
        <time>2025-02-12T12:28:08Z</time>
        <extensions>
          <geotracker:meta c="3.97" s="11.93" />
        </extensions>
      </trkpt>
      <trkpt lat="30.39087091" lon="76.49832437">
        <ele>210.11</ele>
        <time>2025-02-12T12:28:09Z</time>
        <extensions>
          <geotracker:meta c="3.97" s="12.57" />
        </extensions>
      </trkpt>
      <trkpt lat="30.39078957" lon="76.49822385">
        <ele>210.41</ele>
        <time>2025-02-12T12:28:10Z</time>
        <extensions>
          <geotracker:meta c="3.96" s="13.09" />
        </extensions>
      </trkpt>
      <trkpt lat="30.39070306" lon="76.49812175">
        <ele>210.64</ele>
        <time>2025-02-12T12:28:11Z</time>
        <extensions>
          <geotracker:meta c="3.96" s="13.46" />
        </extensions>
      </trkpt>
      <trkpt lat="30.39061572" lon="76.49801701">
        <ele>210.88</ele>
        <time>2025-02-12T12:28:12Z</time>
        <extensions>
          <geotracker:meta c="3.98" s="13.99" />
        </extensions>
      </trkpt>
      <trkpt lat="30.39052587" lon="76.49790199">
        <ele>210.75</ele>
        <time>2025-02-12T12:28:13Z</time>
        <extensions>
          <geotracker:meta c="3.98" s="14.77" />
        </extensions>
      </trkpt>
      <trkpt lat="30.39043599" lon="76.49779096">
        <ele>211.4</ele>
        <time>2025-02-12T12:28:14Z</time>
        <extensions>
          <geotracker:meta c="3.96" s="14.58" />
        </extensions>
      </trkpt>
      <trkpt lat="30.39035025" lon="76.49768932">
        <ele>211.28</ele>
        <time>2025-02-12T12:28:15Z</time>
        <extensions>
          <geotracker:meta c="3.94" s="13.82" />
        </extensions>
      </trkpt>
      <trkpt lat="30.39026387" lon="76.49758344">
        <ele>211.16</ele>
        <time>2025-02-12T12:28:16Z</time>
        <extensions>
          <geotracker:meta c="3.93" s="13.92" />
        </extensions>
      </trkpt>
      <trkpt lat="30.39018291" lon="76.49748626">
        <ele>210.89</ele>
        <time>2025-02-12T12:28:17Z</time>
        <extensions>
          <geotracker:meta c="3.92" s="12.94" />
        </extensions>
      </trkpt>
      <trkpt lat="30.39010445" lon="76.49740211">
        <ele>210.86</ele>
        <time>2025-02-12T12:28:18Z</time>
        <extensions>
          <geotracker:meta c="3.92" s="11.93" />
        </extensions>
      </trkpt>
      <trkpt lat="30.39002688" lon="76.49731371">
        <ele>210.69</ele>
        <time>2025-02-12T12:28:19Z</time>
        <extensions>
          <geotracker:meta c="3.94" s="12.07" />
        </extensions>
      </trkpt>
      <trkpt lat="30.38994387" lon="76.49721279">
        <ele>210.8</ele>
        <time>2025-02-12T12:28:20Z</time>
        <extensions>
          <geotracker:meta c="3.96" s="13.09" />
        </extensions>
      </trkpt>
      <trkpt lat="30.38985707" lon="76.49710499">
        <ele>210.72</ele>
        <time>2025-02-12T12:28:21Z</time>
        <extensions>
          <geotracker:meta c="3.95" s="14.22" />
        </extensions>
      </trkpt>
      <trkpt lat="30.38976089" lon="76.49698992">
        <ele>210.45</ele>
        <time>2025-02-12T12:28:22Z</time>
        <extensions>
          <geotracker:meta c="3.93" s="15.27" />
        </extensions>
      </trkpt>
      <trkpt lat="30.38966016" lon="76.4968664">
        <ele>210.07</ele>
        <time>2025-02-12T12:28:23Z</time>
        <extensions>
          <geotracker:meta c="3.94" s="16.42" />
        </extensions>
      </trkpt>
      <trkpt lat="30.38955109" lon="76.49673753">
        <ele>210.06</ele>
        <time>2025-02-12T12:28:24Z</time>
        <extensions>
          <geotracker:meta c="3.94" s="17.27" />
        </extensions>
      </trkpt>
      <trkpt lat="30.38943893" lon="76.49660831">
        <ele>210.03</ele>
        <time>2025-02-12T12:28:25Z</time>
        <extensions>
          <geotracker:meta c="3.94" s="17.69" />
        </extensions>
      </trkpt>
      <trkpt lat="30.38932322" lon="76.49647142">
        <ele>209.95</ele>
        <time>2025-02-12T12:28:26Z</time>
        <extensions>
          <geotracker:meta c="3.94" s="18.41" />
        </extensions>
      </trkpt>
      <trkpt lat="30.3892019" lon="76.49633195">
        <ele>209.75</ele>
        <time>2025-02-12T12:28:27Z</time>
        <extensions>
          <geotracker:meta c="3.94" s="19.08" />
        </extensions>
      </trkpt>
      <trkpt lat="30.38907811" lon="76.49618334">
        <ele>209.96</ele>
        <time>2025-02-12T12:28:28Z</time>
        <extensions>
          <geotracker:meta c="3.94" s="19.73" />
        </extensions>
      </trkpt>
      <trkpt lat="30.38894987" lon="76.496031">
        <ele>210.36</ele>
        <time>2025-02-12T12:28:29Z</time>
        <extensions>
          <geotracker:meta c="3.93" s="20.35" />
        </extensions>
      </trkpt>
      <trkpt lat="30.38881843" lon="76.49587627">
        <ele>210.32</ele>
        <time>2025-02-12T12:28:30Z</time>
        <extensions>
          <geotracker:meta c="3.93" s="20.91" />
        </extensions>
      </trkpt>
      <trkpt lat="30.38868245" lon="76.49571968">
        <ele>210.62</ele>
        <time>2025-02-12T12:28:31Z</time>
        <extensions>
          <geotracker:meta c="3.93" s="21.04" />
        </extensions>
      </trkpt>
      <trkpt lat="30.38854825" lon="76.49555929">
        <ele>210.56</ele>
        <time>2025-02-12T12:28:32Z</time>
        <extensions>
          <geotracker:meta c="3.93" s="21.53" />
        </extensions>
      </trkpt>
      <trkpt lat="30.38840916" lon="76.49539508">
        <ele>210.56</ele>
        <time>2025-02-12T12:28:33Z</time>
        <extensions>
          <geotracker:meta c="3.93" s="22.01" />
        </extensions>
      </trkpt>
      <trkpt lat="30.38826665" lon="76.49522769">
        <ele>210.3</ele>
        <time>2025-02-12T12:28:34Z</time>
        <extensions>
          <geotracker:meta c="3.93" s="22.5" />
        </extensions>
      </trkpt>
      <trkpt lat="30.38812156" lon="76.4950547">
        <ele>210.35</ele>
        <time>2025-02-12T12:28:35Z</time>
        <extensions>
          <geotracker:meta c="3.93" s="22.95" />
        </extensions>
      </trkpt>
      <trkpt lat="30.38797754" lon="76.49488396">
        <ele>210.29</ele>
        <time>2025-02-12T12:28:36Z</time>
        <extensions>
          <geotracker:meta c="3.92" s="23.05" />
        </extensions>
      </trkpt>
      <trkpt lat="30.38783399" lon="76.49471562">
        <ele>210.1</ele>
        <time>2025-02-12T12:28:37Z</time>
        <extensions>
          <geotracker:meta c="3.92" s="22.88" />
        </extensions>
      </trkpt>
      <trkpt lat="30.38768633" lon="76.49454984">
        <ele>210.3</ele>
        <time>2025-02-12T12:28:38Z</time>
        <extensions>
          <geotracker:meta c="3.92" s="22.81" />
        </extensions>
      </trkpt>
      <trkpt lat="30.38753963" lon="76.49438022">
        <ele>209.96</ele>
        <time>2025-02-12T12:28:39Z</time>
        <extensions>
          <geotracker:meta c="3.93" s="22.88" />
        </extensions>
      </trkpt>
      <trkpt lat="30.38739093" lon="76.49420793">
        <ele>210.12</ele>
        <time>2025-02-12T12:28:40Z</time>
        <extensions>
          <geotracker:meta c="3.93" s="22.92" />
        </extensions>
      </trkpt>
      <trkpt lat="30.38724703" lon="76.49404205">
        <ele>210.19</ele>
        <time>2025-02-12T12:28:41Z</time>
        <extensions>
          <geotracker:meta c="3.93" s="22.27" />
        </extensions>
      </trkpt>
      <trkpt lat="30.38711315" lon="76.49388824">
        <ele>210.3</ele>
        <time>2025-02-12T12:28:42Z</time>
        <extensions>
          <geotracker:meta c="3.93" s="21.38" />
        </extensions>
      </trkpt>
      <trkpt lat="30.38698043" lon="76.49373347">
        <ele>210.3</ele>
        <time>2025-02-12T12:28:43Z</time>
        <extensions>
          <geotracker:meta c="3.93" s="21.18" />
        </extensions>
      </trkpt>
      <trkpt lat="30.38685011" lon="76.49358407">
        <ele>210.11</ele>
        <time>2025-02-12T12:28:44Z</time>
        <extensions>
          <geotracker:meta c="3.93" s="20.55" />
        </extensions>
      </trkpt>
      <trkpt lat="30.38671988" lon="76.49343202">
        <ele>210.18</ele>
        <time>2025-02-12T12:28:45Z</time>
        <extensions>
          <geotracker:meta c="3.92" s="20.45" />
        </extensions>
      </trkpt>
      <trkpt lat="30.38658758" lon="76.49327978">
        <ele>210.05</ele>
        <time>2025-02-12T12:28:46Z</time>
        <extensions>
          <geotracker:meta c="3.92" s="20.95" />
        </extensions>
      </trkpt>
      <trkpt lat="30.38645279" lon="76.49312807">
        <ele>209.8</ele>
        <time>2025-02-12T12:28:47Z</time>
        <extensions>
          <geotracker:meta c="3.93" s="21.39" />
        </extensions>
      </trkpt>
      <trkpt lat="30.38631509" lon="76.49296199">
        <ele>210.26</ele>
        <time>2025-02-12T12:28:48Z</time>
        <extensions>
          <geotracker:meta c="3.94" s="21.95" />
        </extensions>
      </trkpt>
      <trkpt lat="30.38617365" lon="76.49279399">
        <ele>210.06</ele>
        <time>2025-02-12T12:28:49Z</time>
        <extensions>
          <geotracker:meta c="3.93" s="22.39" />
        </extensions>
      </trkpt>
      <trkpt lat="30.38602841" lon="76.49262396">
        <ele>209.76</ele>
        <time>2025-02-12T12:28:50Z</time>
        <extensions>
          <geotracker:meta c="3.93" s="22.92" />
        </extensions>
      </trkpt>
      <trkpt lat="30.38588044" lon="76.4924503">
        <ele>209.73</ele>
        <time>2025-02-12T12:28:51Z</time>
        <extensions>
          <geotracker:meta c="3.93" s="23.36" />
        </extensions>
      </trkpt>
      <trkpt lat="30.38572847" lon="76.49227368">
        <ele>209.68</ele>
        <time>2025-02-12T12:28:52Z</time>
        <extensions>
          <geotracker:meta c="3.93" s="23.82" />
        </extensions>
      </trkpt>
      <trkpt lat="30.38557468" lon="76.49209334">
        <ele>209.61</ele>
        <time>2025-02-12T12:28:53Z</time>
        <extensions>
          <geotracker:meta c="3.93" s="24.23" />
        </extensions>
      </trkpt>
      <trkpt lat="30.38541666" lon="76.49191201">
        <ele>209.35</ele>
        <time>2025-02-12T12:28:54Z</time>
        <extensions>
          <geotracker:meta c="3.92" s="24.65" />
        </extensions>
      </trkpt>
      <trkpt lat="30.38525291" lon="76.49173243">
        <ele>209.24</ele>
        <time>2025-02-12T12:28:55Z</time>
        <extensions>
          <geotracker:meta c="3.91" s="25.13" />
        </extensions>
      </trkpt>
      <trkpt lat="30.3850871" lon="76.49155109">
        <ele>209.06</ele>
        <time>2025-02-12T12:28:56Z</time>
        <extensions>
          <geotracker:meta c="3.9" s="25.55" />
        </extensions>
      </trkpt>
      <trkpt lat="30.38491637" lon="76.49136717">
        <ele>209.47</ele>
        <time>2025-02-12T12:28:57Z</time>
        <extensions>
          <geotracker:meta c="3.91" s="25.97" />
        </extensions>
      </trkpt>
      <trkpt lat="30.38474548" lon="76.49117993">
        <ele>209.2</ele>
        <time>2025-02-12T12:28:58Z</time>
        <extensions>
          <geotracker:meta c="3.91" s="26.4" />
        </extensions>
      </trkpt>
      <trkpt lat="30.38457369" lon="76.49098293">
        <ele>209.08</ele>
        <time>2025-02-12T12:28:59Z</time>
        <extensions>
          <geotracker:meta c="3.93" s="26.87" />
        </extensions>
      </trkpt>
      <trkpt lat="30.38440145" lon="76.49078241">
        <ele>209.11</ele>
        <time>2025-02-12T12:29:00Z</time>
        <extensions>
          <geotracker:meta c="3.93" s="27.29" />
        </extensions>
      </trkpt>
      <trkpt lat="30.38422889" lon="76.49057653">
        <ele>209.04</ele>
        <time>2025-02-12T12:29:01Z</time>
        <extensions>
          <geotracker:meta c="3.95" s="27.67" />
        </extensions>
      </trkpt>
      <trkpt lat="30.38405607" lon="76.49036643">
        <ele>209.09</ele>
        <time>2025-02-12T12:29:02Z</time>
        <extensions>
          <geotracker:meta c="3.95" s="28" />
        </extensions>
      </trkpt>
      <trkpt lat="30.38388481" lon="76.49015888">
        <ele>208.85</ele>
        <time>2025-02-12T12:29:03Z</time>
        <extensions>
          <geotracker:meta c="3.94" s="27.76" />
        </extensions>
      </trkpt>
      <trkpt lat="30.38371302" lon="76.48995692">
        <ele>208.71</ele>
        <time>2025-02-12T12:29:04Z</time>
        <extensions>
          <geotracker:meta c="3.94" s="27.19" />
        </extensions>
      </trkpt>
      <trkpt lat="30.38354611" lon="76.48976521">
        <ele>208.94</ele>
        <time>2025-02-12T12:29:05Z</time>
        <extensions>
          <geotracker:meta c="3.94" s="26.19" />
        </extensions>
      </trkpt>
      <trkpt lat="30.38338867" lon="76.48958238">
        <ele>208.47</ele>
        <time>2025-02-12T12:29:06Z</time>
        <extensions>
          <geotracker:meta c="3.94" s="25.04" />
        </extensions>
      </trkpt>
      <trkpt lat="30.38322829" lon="76.48939997">
        <ele>208.79</ele>
        <time>2025-02-12T12:29:07Z</time>
        <extensions>
          <geotracker:meta c="3.91" s="24.84" />
        </extensions>
      </trkpt>
      <trkpt lat="30.38308612" lon="76.4892274">
        <ele>209.53</ele>
        <time>2025-02-12T12:29:08Z</time>
        <extensions>
          <geotracker:meta c="3.94" s="22.98" />
        </extensions>
      </trkpt>
      <trkpt lat="30.38294143" lon="76.48904561">
        <ele>209.19</ele>
        <time>2025-02-12T12:29:09Z</time>
        <extensions>
          <geotracker:meta c="3.97" s="23.24" />
        </extensions>
      </trkpt>
      <trkpt lat="30.38265712" lon="76.48871189">
        <ele>208.57</ele>
        <time>2025-02-12T12:29:11Z</time>
        <extensions>
          <geotracker:meta c="3.93" s="23.09" />
        </extensions>
      </trkpt>
      <trkpt lat="30.38250976" lon="76.48854119">
        <ele>208.1</ele>
        <time>2025-02-12T12:29:12Z</time>
        <extensions>
          <geotracker:meta c="3.92" s="22.83" />
        </extensions>
      </trkpt>
      <trkpt lat="30.38236204" lon="76.4883782">
        <ele>207.88</ele>
        <time>2025-02-12T12:29:13Z</time>
        <extensions>
          <geotracker:meta c="3.9" s="22.34" />
        </extensions>
      </trkpt>
      <trkpt lat="30.38221647" lon="76.48821432">
        <ele>207.85</ele>
        <time>2025-02-12T12:29:14Z</time>
        <extensions>
          <geotracker:meta c="3.92" s="22.51" />
        </extensions>
      </trkpt>
      <trkpt lat="30.38206963" lon="76.48804782">
        <ele>207.83</ele>
        <time>2025-02-12T12:29:15Z</time>
        <extensions>
          <geotracker:meta c="3.92" s="22.88" />
        </extensions>
      </trkpt>
      <trkpt lat="30.38192503" lon="76.48788503">
        <ele>207.71</ele>
        <time>2025-02-12T12:29:16Z</time>
        <extensions>
          <geotracker:meta c="3.91" s="22.28" />
        </extensions>
      </trkpt>
      <trkpt lat="30.38177949" lon="76.48772162">
        <ele>207.61</ele>
        <time>2025-02-12T12:29:17Z</time>
        <extensions>
          <geotracker:meta c="3.91" s="22.4" />
        </extensions>
      </trkpt>
      <trkpt lat="30.38163208" lon="76.48756092">
        <ele>207.06</ele>
        <time>2025-02-12T12:29:18Z</time>
        <extensions>
          <geotracker:meta c="3.9" s="22.48" />
        </extensions>
      </trkpt>
      <trkpt lat="30.38148619" lon="76.48738639">
        <ele>207.07</ele>
        <time>2025-02-12T12:29:19Z</time>
        <extensions>
          <geotracker:meta c="3.92" s="22.96" />
        </extensions>
      </trkpt>
      <trkpt lat="30.38133852" lon="76.48721586">
        <ele>207.04</ele>
        <time>2025-02-12T12:29:20Z</time>
        <extensions>
          <geotracker:meta c="3.94" s="23.12" />
        </extensions>
      </trkpt>
      <trkpt lat="30.38119034" lon="76.48704431">
        <ele>206.98</ele>
        <time>2025-02-12T12:29:21Z</time>
        <extensions>
          <geotracker:meta c="3.94" s="23.35" />
        </extensions>
      </trkpt>
      <trkpt lat="30.38104001" lon="76.48687007">
        <ele>206.89</ele>
        <time>2025-02-12T12:29:22Z</time>
        <extensions>
          <geotracker:meta c="3.94" s="23.51" />
        </extensions>
      </trkpt>
      <trkpt lat="30.38088374" lon="76.48669564">
        <ele>206.43</ele>
        <time>2025-02-12T12:29:23Z</time>
        <extensions>
          <geotracker:meta c="3.91" s="23.56" />
        </extensions>
      </trkpt>
      <trkpt lat="30.38072937" lon="76.48652081">
        <ele>206.3</ele>
        <time>2025-02-12T12:29:24Z</time>
        <extensions>
          <geotracker:meta c="3.92" s="23.8" />
        </extensions>
      </trkpt>
      <trkpt lat="30.38057354" lon="76.48634508">
        <ele>206.12</ele>
        <time>2025-02-12T12:29:25Z</time>
        <extensions>
          <geotracker:meta c="3.91" s="24.01" />
        </extensions>
      </trkpt>
      <trkpt lat="30.38026026" lon="76.4859824">
        <ele>206.12</ele>
        <time>2025-02-12T12:29:27Z</time>
        <extensions>
          <geotracker:meta c="3.9" s="24.64" />
        </extensions>
      </trkpt>
      <trkpt lat="30.38010323" lon="76.48579818">
        <ele>206.05</ele>
        <time>2025-02-12T12:29:28Z</time>
        <extensions>
          <geotracker:meta c="3.93" s="24.78" />
        </extensions>
      </trkpt>
      <trkpt lat="30.37994334" lon="76.4856133">
        <ele>205.84</ele>
        <time>2025-02-12T12:29:29Z</time>
        <extensions>
          <geotracker:meta c="3.91" s="24.96" />
        </extensions>
      </trkpt>
      <trkpt lat="30.37978226" lon="76.48542604">
        <ele>205.68</ele>
        <time>2025-02-12T12:29:30Z</time>
        <extensions>
          <geotracker:meta c="3.89" s="25.32" />
        </extensions>
      </trkpt>
      <trkpt lat="30.37961972" lon="76.48523741">
        <ele>205.63</ele>
        <time>2025-02-12T12:29:31Z</time>
        <extensions>
          <geotracker:meta c="3.93" s="25.55" />
        </extensions>
      </trkpt>
      <trkpt lat="30.37945882" lon="76.48505034">
        <ele>205.65</ele>
        <time>2025-02-12T12:29:32Z</time>
        <extensions>
          <geotracker:meta c="3.95" s="25.34" />
        </extensions>
      </trkpt>
      <trkpt lat="30.37930842" lon="76.48487255">
        <ele>205.12</ele>
        <time>2025-02-12T12:29:33Z</time>
        <extensions>
          <geotracker:meta c="4.12" s="24.47" />
        </extensions>
      </trkpt>
      <trkpt lat="30.37915528" lon="76.48469666">
        <ele>205.05</ele>
        <time>2025-02-12T12:29:34Z</time>
        <extensions>
          <geotracker:meta c="3.98" s="24.1" />
        </extensions>
      </trkpt>
      <trkpt lat="30.37884883" lon="76.48434723">
        <ele>204.82</ele>
        <time>2025-02-12T12:29:36Z</time>
        <extensions>
          <geotracker:meta c="3.93" s="23.81" />
        </extensions>
      </trkpt>
      <trkpt lat="30.37870219" lon="76.48417501">
        <ele>204.83</ele>
        <time>2025-02-12T12:29:37Z</time>
        <extensions>
          <geotracker:meta c="3.96" s="23.3" />
        </extensions>
      </trkpt>
      <trkpt lat="30.37855479" lon="76.48400737">
        <ele>204.71</ele>
        <time>2025-02-12T12:29:38Z</time>
        <extensions>
          <geotracker:meta c="3.9" s="22.97" />
        </extensions>
      </trkpt>
      <trkpt lat="30.37840667" lon="76.48383717">
        <ele>204.69</ele>
        <time>2025-02-12T12:29:39Z</time>
        <extensions>
          <geotracker:meta c="3.97" s="22.92" />
        </extensions>
      </trkpt>
      <trkpt lat="30.37826099" lon="76.48366875">
        <ele>204.57</ele>
        <time>2025-02-12T12:29:40Z</time>
        <extensions>
          <geotracker:meta c="4.09" s="22.89" />
        </extensions>
      </trkpt>
      <trkpt lat="30.37811377" lon="76.48349939">
        <ele>204.59</ele>
        <time>2025-02-12T12:29:41Z</time>
        <extensions>
          <geotracker:meta c="4.27" s="22.8" />
        </extensions>
      </trkpt>
      <trkpt lat="30.37796647" lon="76.48333024">
        <ele>204.78</ele>
        <time>2025-02-12T12:29:42Z</time>
        <extensions>
          <geotracker:meta c="4.35" s="22.78" />
        </extensions>
      </trkpt>
      <trkpt lat="30.377821" lon="76.48316166">
        <ele>204.77</ele>
        <time>2025-02-12T12:29:43Z</time>
        <extensions>
          <geotracker:meta c="4.45" s="22.7" />
        </extensions>
      </trkpt>
      <trkpt lat="30.37767539" lon="76.4829912">
        <ele>204.81</ele>
        <time>2025-02-12T12:29:44Z</time>
        <extensions>
          <geotracker:meta c="4.43" s="22.81" />
        </extensions>
      </trkpt>
      <trkpt lat="30.37752922" lon="76.48281999">
        <ele>204.76</ele>
        <time>2025-02-12T12:29:45Z</time>
        <extensions>
          <geotracker:meta c="4.39" s="22.97" />
        </extensions>
      </trkpt>
      <trkpt lat="30.37738157" lon="76.48264732">
        <ele>204.77</ele>
        <time>2025-02-12T12:29:46Z</time>
        <extensions>
          <geotracker:meta c="4.37" s="23.14" />
        </extensions>
      </trkpt>
      <trkpt lat="30.37708581" lon="76.4823062">
        <ele>204.9</ele>
        <time>2025-02-12T12:29:48Z</time>
        <extensions>
          <geotracker:meta c="4.19" s="23.13" />
        </extensions>
      </trkpt>
      <trkpt lat="30.37694224" lon="76.48214115">
        <ele>204.89</ele>
        <time>2025-02-12T12:29:49Z</time>
        <extensions>
          <geotracker:meta c="3.92" s="22.55" />
        </extensions>
      </trkpt>
      <trkpt lat="30.37680047" lon="76.48198046">
        <ele>204.87</ele>
        <time>2025-02-12T12:29:50Z</time>
        <extensions>
          <geotracker:meta c="3.91" s="21.89" />
        </extensions>
      </trkpt>
      <trkpt lat="30.37665924" lon="76.481819">
        <ele>204.94</ele>
        <time>2025-02-12T12:29:51Z</time>
        <extensions>
          <geotracker:meta c="3.92" s="21.88" />
        </extensions>
      </trkpt>
      <trkpt lat="30.37651896" lon="76.48165829">
        <ele>205.23</ele>
        <time>2025-02-12T12:29:52Z</time>
        <extensions>
          <geotracker:meta c="3.92" s="22.19" />
        </extensions>
      </trkpt>
      <trkpt lat="30.37637683" lon="76.48149181">
        <ele>205.22</ele>
        <time>2025-02-12T12:29:53Z</time>
        <extensions>
          <geotracker:meta c="3.94" s="22.6" />
        </extensions>
      </trkpt>
      <trkpt lat="30.37622991" lon="76.48132113">
        <ele>205.41</ele>
        <time>2025-02-12T12:29:54Z</time>
        <extensions>
          <geotracker:meta c="3.94" s="23.03" />
        </extensions>
      </trkpt>
      <trkpt lat="30.37608475" lon="76.48115002">
        <ele>205.51</ele>
        <time>2025-02-12T12:29:55Z</time>
        <extensions>
          <geotracker:meta c="3.94" s="23.18" />
        </extensions>
      </trkpt>
      <trkpt lat="30.37593726" lon="76.48098121">
        <ele>205.69</ele>
        <time>2025-02-12T12:29:56Z</time>
        <extensions>
          <geotracker:meta c="3.93" s="23.08" />
        </extensions>
      </trkpt>
      <trkpt lat="30.37564542" lon="76.48064529">
        <ele>205.76</ele>
        <time>2025-02-12T12:29:58Z</time>
        <extensions>
          <geotracker:meta c="3.9" s="22.51" />
        </extensions>
      </trkpt>
      <trkpt lat="30.37536753" lon="76.48032372">
        <ele>206.38</ele>
        <time>2025-02-12T12:30:00Z</time>
        <extensions>
          <geotracker:meta c="3.93" s="21.81" />
        </extensions>
      </trkpt>
      <trkpt lat="30.37522649" lon="76.4801617">
        <ele>206.9</ele>
        <time>2025-02-12T12:30:01Z</time>
        <extensions>
          <geotracker:meta c="3.93" s="21.75" />
        </extensions>
      </trkpt>
      <trkpt lat="30.3750884" lon="76.48000323">
        <ele>207.4</ele>
        <time>2025-02-12T12:30:02Z</time>
        <extensions>
          <geotracker:meta c="3.91" s="21.49" />
        </extensions>
      </trkpt>
      <trkpt lat="30.37495804" lon="76.47984523">
        <ele>208.66</ele>
        <time>2025-02-12T12:30:03Z</time>
        <extensions>
          <geotracker:meta c="3.92" s="21.14" />
        </extensions>
      </trkpt>
      <trkpt lat="30.37469708" lon="76.47954767">
        <ele>210.62</ele>
        <time>2025-02-12T12:30:05Z</time>
        <extensions>
          <geotracker:meta c="3.93" s="19.76" />
        </extensions>
      </trkpt>
      <trkpt lat="30.37458164" lon="76.47940653">
        <ele>211.46</ele>
        <time>2025-02-12T12:30:06Z</time>
        <extensions>
          <geotracker:meta c="3.92" s="19.17" />
        </extensions>
      </trkpt>
      <trkpt lat="30.37445782" lon="76.47926295">
        <ele>211.68</ele>
        <time>2025-02-12T12:30:07Z</time>
        <extensions>
          <geotracker:meta c="3.92" s="19.4" />
        </extensions>
      </trkpt>
      <trkpt lat="30.3743328" lon="76.47911814">
        <ele>212.02</ele>
        <time>2025-02-12T12:30:08Z</time>
        <extensions>
          <geotracker:meta c="3.94" s="19.59" />
        </extensions>
      </trkpt>
      <trkpt lat="30.37420748" lon="76.47897588">
        <ele>212.49</ele>
        <time>2025-02-12T12:30:09Z</time>
        <extensions>
          <geotracker:meta c="3.95" s="19.63" />
        </extensions>
      </trkpt>
      <trkpt lat="30.37407999" lon="76.47882692">
        <ele>212.79</ele>
        <time>2025-02-12T12:30:10Z</time>
        <extensions>
          <geotracker:meta c="3.95" s="19.88" />
        </extensions>
      </trkpt>
      <trkpt lat="30.37394956" lon="76.47867639">
        <ele>213.14</ele>
        <time>2025-02-12T12:30:11Z</time>
        <extensions>
          <geotracker:meta c="3.96" s="20.12" />
        </extensions>
      </trkpt>
      <trkpt lat="30.37381917" lon="76.47852424">
        <ele>213.77</ele>
        <time>2025-02-12T12:30:12Z</time>
        <extensions>
          <geotracker:meta c="3.96" s="20.13" />
        </extensions>
      </trkpt>
      <trkpt lat="30.37369153" lon="76.47837228">
        <ele>214.22</ele>
        <time>2025-02-12T12:30:13Z</time>
        <extensions>
          <geotracker:meta c="3.96" s="20.36" />
        </extensions>
      </trkpt>
      <trkpt lat="30.37356223" lon="76.4782232">
        <ele>214.36</ele>
        <time>2025-02-12T12:30:14Z</time>
        <extensions>
          <geotracker:meta c="4.08" s="20.25" />
        </extensions>
      </trkpt>
      <trkpt lat="30.37342929" lon="76.47807379">
        <ele>214.84</ele>
        <time>2025-02-12T12:30:15Z</time>
        <extensions>
          <geotracker:meta c="4.03" s="20.33" />
        </extensions>
      </trkpt>
      <trkpt lat="30.37329917" lon="76.47792554">
        <ele>215.05</ele>
        <time>2025-02-12T12:30:16Z</time>
        <extensions>
          <geotracker:meta c="4.02" s="20.11" />
        </extensions>
      </trkpt>
      <trkpt lat="30.37317378" lon="76.47778481">
        <ele>215.43</ele>
        <time>2025-02-12T12:30:17Z</time>
        <extensions>
          <geotracker:meta c="3.86" s="19.43" />
        </extensions>
      </trkpt>
      <trkpt lat="30.37305693" lon="76.47764902">
        <ele>215.58</ele>
        <time>2025-02-12T12:30:18Z</time>
        <extensions>
          <geotracker:meta c="3.77" s="18.25" />
        </extensions>
      </trkpt>
      <trkpt lat="30.37294608" lon="76.47751866">
        <ele>215.71</ele>
        <time>2025-02-12T12:30:19Z</time>
        <extensions>
          <geotracker:meta c="3.75" s="17.36" />
        </extensions>
      </trkpt>
      <trkpt lat="30.37283726" lon="76.47739385">
        <ele>215.73</ele>
        <time>2025-02-12T12:30:20Z</time>
        <extensions>
          <geotracker:meta c="3.65" s="16.95" />
        </extensions>
      </trkpt>
      <trkpt lat="30.37273041" lon="76.47726566">
        <ele>215.22</ele>
        <time>2025-02-12T12:30:21Z</time>
        <extensions>
          <geotracker:meta c="3.65" s="17.28" />
        </extensions>
      </trkpt>
      <trkpt lat="30.37261673" lon="76.47713029">
        <ele>215.19</ele>
        <time>2025-02-12T12:30:22Z</time>
        <extensions>
          <geotracker:meta c="3.93" s="17.94" />
        </extensions>
      </trkpt>
      <trkpt lat="30.37250304" lon="76.47699464">
        <ele>215.19</ele>
        <time>2025-02-12T12:30:23Z</time>
        <extensions>
          <geotracker:meta c="4.01" s="18.39" />
        </extensions>
      </trkpt>
      <trkpt lat="30.37238234" lon="76.47685562">
        <ele>215.28</ele>
        <time>2025-02-12T12:30:24Z</time>
        <extensions>
          <geotracker:meta c="3.86" s="18.87" />
        </extensions>
      </trkpt>
      <trkpt lat="30.37226148" lon="76.47671072">
        <ele>215.2</ele>
        <time>2025-02-12T12:30:25Z</time>
        <extensions>
          <geotracker:meta c="3.93" s="19.28" />
        </extensions>
      </trkpt>
      <trkpt lat="30.37214264" lon="76.4765606">
        <ele>215.49</ele>
        <time>2025-02-12T12:30:26Z</time>
        <extensions>
          <geotracker:meta c="4.05" s="19.44" />
        </extensions>
      </trkpt>
      <trkpt lat="30.37203637" lon="76.47642142">
        <ele>215.42</ele>
        <time>2025-02-12T12:30:27Z</time>
        <extensions>
          <geotracker:meta c="4.07" s="18.69" />
        </extensions>
      </trkpt>
      <trkpt lat="30.37193272" lon="76.47629208">
        <ele>216.17</ele>
        <time>2025-02-12T12:30:28Z</time>
        <extensions>
          <geotracker:meta c="3.96" s="17.47" />
        </extensions>
      </trkpt>
      <trkpt lat="30.37183408" lon="76.47616842">
        <ele>216.38</ele>
        <time>2025-02-12T12:30:29Z</time>
        <extensions>
          <geotracker:meta c="3.73" s="16.34" />
        </extensions>
      </trkpt>
      <trkpt lat="30.37174124" lon="76.47603853">
        <ele>216.54</ele>
        <time>2025-02-12T12:30:30Z</time>
        <extensions>
          <geotracker:meta c="3.81" s="16.4" />
        </extensions>
      </trkpt>
      <trkpt lat="30.37164134" lon="76.47590643">
        <ele>216.82</ele>
        <time>2025-02-12T12:30:31Z</time>
        <extensions>
          <geotracker:meta c="4.13" s="16.68" />
        </extensions>
      </trkpt>
      <trkpt lat="30.37154144" lon="76.47576916">
        <ele>217.27</ele>
        <time>2025-02-12T12:30:32Z</time>
        <extensions>
          <geotracker:meta c="4.09" s="17.05" />
        </extensions>
      </trkpt>
      <trkpt lat="30.37144499" lon="76.47563338">
        <ele>217.52</ele>
        <time>2025-02-12T12:30:33Z</time>
        <extensions>
          <geotracker:meta c="4" s="17.2" />
        </extensions>
      </trkpt>
      <trkpt lat="30.37134523" lon="76.47550237">
        <ele>217.5</ele>
        <time>2025-02-12T12:30:34Z</time>
        <extensions>
          <geotracker:meta c="4" s="16.7" />
        </extensions>
      </trkpt>
      <trkpt lat="30.37125317" lon="76.47537817">
        <ele>217.12</ele>
        <time>2025-02-12T12:30:35Z</time>
        <extensions>
          <geotracker:meta c="4" s="15.77" />
        </extensions>
      </trkpt>
      <trkpt lat="30.37116862" lon="76.47526065">
        <ele>217.37</ele>
        <time>2025-02-12T12:30:36Z</time>
        <extensions>
          <geotracker:meta c="4.1" s="14.79" />
        </extensions>
      </trkpt>
      <trkpt lat="30.37108328" lon="76.47514809">
        <ele>217.37</ele>
        <time>2025-02-12T12:30:37Z</time>
        <extensions>
          <geotracker:meta c="4.08" s="14.33" />
        </extensions>
      </trkpt>
      <trkpt lat="30.37099942" lon="76.47503392">
        <ele>217.7</ele>
        <time>2025-02-12T12:30:38Z</time>
        <extensions>
          <geotracker:meta c="4.07" s="14.23" />
        </extensions>
      </trkpt>
      <trkpt lat="30.37092688" lon="76.47492121">
        <ele>217.82</ele>
        <time>2025-02-12T12:30:39Z</time>
        <extensions>
          <geotracker:meta c="3.68" s="13.32" />
        </extensions>
      </trkpt>
      <trkpt lat="30.37085369" lon="76.47482249">
        <ele>217.7</ele>
        <time>2025-02-12T12:30:40Z</time>
        <extensions>
          <geotracker:meta c="3.75" s="12.31" />
        </extensions>
      </trkpt>
      <trkpt lat="30.37077909" lon="76.47472144">
        <ele>217.59</ele>
        <time>2025-02-12T12:30:41Z</time>
        <extensions>
          <geotracker:meta c="3.82" s="12.34" />
        </extensions>
      </trkpt>
      <trkpt lat="30.37071118" lon="76.47461588">
        <ele>217.8</ele>
        <time>2025-02-12T12:30:42Z</time>
        <extensions>
          <geotracker:meta c="3.93" s="12.63" />
        </extensions>
      </trkpt>
      <trkpt lat="30.37063109" lon="76.47451271">
        <ele>217.99</ele>
        <time>2025-02-12T12:30:43Z</time>
        <extensions>
          <geotracker:meta c="3.77" s="12.99" />
        </extensions>
      </trkpt>
      <trkpt lat="30.3705498" lon="76.47440915">
        <ele>217.95</ele>
        <time>2025-02-12T12:30:44Z</time>
        <extensions>
          <geotracker:meta c="3.83" s="13.38" />
        </extensions>
      </trkpt>
      <trkpt lat="30.37046295" lon="76.47430139">
        <ele>217.93</ele>
        <time>2025-02-12T12:30:45Z</time>
        <extensions>
          <geotracker:meta c="3.84" s="13.94" />
        </extensions>
      </trkpt>
      <trkpt lat="30.37037611" lon="76.47419069">
        <ele>217.84</ele>
        <time>2025-02-12T12:30:46Z</time>
        <extensions>
          <geotracker:meta c="3.86" s="14.41" />
        </extensions>
      </trkpt>
      <trkpt lat="30.37028884" lon="76.47408086">
        <ele>217.68</ele>
        <time>2025-02-12T12:30:47Z</time>
        <extensions>
          <geotracker:meta c="3.93" s="14.81" />
        </extensions>
      </trkpt>
      <trkpt lat="30.3702028" lon="76.4739632">
        <ele>218.13</ele>
        <time>2025-02-12T12:30:48Z</time>
        <extensions>
          <geotracker:meta c="4.21" s="15.08" />
        </extensions>
      </trkpt>
      <trkpt lat="30.37011648" lon="76.47384325">
        <ele>218.1</ele>
        <time>2025-02-12T12:30:49Z</time>
        <extensions>
          <geotracker:meta c="4.06" s="14.94" />
        </extensions>
      </trkpt>
      <trkpt lat="30.37003136" lon="76.47372426">
        <ele>217.98</ele>
        <time>2025-02-12T12:30:50Z</time>
        <extensions>
          <geotracker:meta c="3.97" s="14.73" />
        </extensions>
      </trkpt>
      <trkpt lat="30.36994733" lon="76.47359917">
        <ele>218.04</ele>
        <time>2025-02-12T12:30:51Z</time>
        <extensions>
          <geotracker:meta c="3.99" s="14.89" />
        </extensions>
      </trkpt>
      <trkpt lat="30.36985536" lon="76.47347616">
        <ele>217.83</ele>
        <time>2025-02-12T12:30:52Z</time>
        <extensions>
          <geotracker:meta c="4.02" s="15.4" />
        </extensions>
      </trkpt>
      <trkpt lat="30.36975879" lon="76.47335291">
        <ele>217.73</ele>
        <time>2025-02-12T12:30:53Z</time>
        <extensions>
          <geotracker:meta c="4.01" s="15.94" />
        </extensions>
      </trkpt>
      <trkpt lat="30.36966126" lon="76.47322733">
        <ele>217.3</ele>
        <time>2025-02-12T12:30:54Z</time>
        <extensions>
          <geotracker:meta c="4.2" s="16.38" />
        </extensions>
      </trkpt>
      <trkpt lat="30.36955964" lon="76.47309747">
        <ele>217.02</ele>
        <time>2025-02-12T12:30:55Z</time>
        <extensions>
          <geotracker:meta c="3.99" s="16.97" />
        </extensions>
      </trkpt>
      <trkpt lat="30.3694579" lon="76.47296281">
        <ele>216.95</ele>
        <time>2025-02-12T12:30:56Z</time>
        <extensions>
          <geotracker:meta c="3.97" s="17.2" />
        </extensions>
      </trkpt>
      <trkpt lat="30.36935717" lon="76.47282852">
        <ele>216.99</ele>
        <time>2025-02-12T12:30:57Z</time>
        <extensions>
          <geotracker:meta c="4.26" s="16.84" />
        </extensions>
      </trkpt>
      <trkpt lat="30.36925825" lon="76.4726922">
        <ele>217.09</ele>
        <time>2025-02-12T12:30:58Z</time>
        <extensions>
          <geotracker:meta c="4.01" s="17.42" />
        </extensions>
      </trkpt>
      <trkpt lat="30.36915617" lon="76.47254485">
        <ele>217.11</ele>
        <time>2025-02-12T12:30:59Z</time>
        <extensions>
          <geotracker:meta c="4.07" s="18.14" />
        </extensions>
      </trkpt>
      <trkpt lat="30.36905624" lon="76.47239227">
        <ele>217.18</ele>
        <time>2025-02-12T12:31:00Z</time>
        <extensions>
          <geotracker:meta c="4.07" s="18.58" />
        </extensions>
      </trkpt>
      <trkpt lat="30.3689447" lon="76.47224402">
        <ele>217.11</ele>
        <time>2025-02-12T12:31:01Z</time>
        <extensions>
          <geotracker:meta c="3.99" s="19.14" />
        </extensions>
      </trkpt>
      <trkpt lat="30.36882874" lon="76.47209125">
        <ele>216.96</ele>
        <time>2025-02-12T12:31:02Z</time>
        <extensions>
          <geotracker:meta c="3.98" s="19.6" />
        </extensions>
      </trkpt>
      <trkpt lat="30.36870885" lon="76.47193488">
        <ele>216.71</ele>
        <time>2025-02-12T12:31:03Z</time>
        <extensions>
          <geotracker:meta c="3.98" s="20.16" />
        </extensions>
      </trkpt>
      <trkpt lat="30.368585" lon="76.47177755">
        <ele>216.61</ele>
        <time>2025-02-12T12:31:04Z</time>
        <extensions>
          <geotracker:meta c="3.99" s="20.25" />
        </extensions>
      </trkpt>
      <trkpt lat="30.36845676" lon="76.47162422">
        <ele>216.38</ele>
        <time>2025-02-12T12:31:05Z</time>
        <extensions>
          <geotracker:meta c="4.05" s="20.35" />
        </extensions>
      </trkpt>
      <trkpt lat="30.3683224" lon="76.47147511">
        <ele>216.21</ele>
        <time>2025-02-12T12:31:06Z</time>
        <extensions>
          <geotracker:meta c="4.03" s="20.52" />
        </extensions>
      </trkpt>
      <trkpt lat="30.36818527" lon="76.4713232">
        <ele>215.87</ele>
        <time>2025-02-12T12:31:07Z</time>
        <extensions>
          <geotracker:meta c="3.97" s="20.8" />
        </extensions>
      </trkpt>
      <trkpt lat="30.36805001" lon="76.47116611">
        <ele>215.49</ele>
        <time>2025-02-12T12:31:08Z</time>
        <extensions>
          <geotracker:meta c="3.97" s="21.09" />
        </extensions>
      </trkpt>
      <trkpt lat="30.36791423" lon="76.4710058">
        <ele>214.95</ele>
        <time>2025-02-12T12:31:09Z</time>
        <extensions>
          <geotracker:meta c="4.08" s="21.4" />
        </extensions>
      </trkpt>
      <trkpt lat="30.36777442" lon="76.47084422">
        <ele>214.39</ele>
        <time>2025-02-12T12:31:10Z</time>
        <extensions>
          <geotracker:meta c="4.06" s="21.78" />
        </extensions>
      </trkpt>
      <trkpt lat="30.36763163" lon="76.47068213">
        <ele>213.82</ele>
        <time>2025-02-12T12:31:11Z</time>
        <extensions>
          <geotracker:meta c="3.99" s="22.09" />
        </extensions>
      </trkpt>
      <trkpt lat="30.36748475" lon="76.47051917">
        <ele>213</ele>
        <time>2025-02-12T12:31:12Z</time>
        <extensions>
          <geotracker:meta c="3.85" s="22.29" />
        </extensions>
      </trkpt>
      <trkpt lat="30.36734036" lon="76.47035631">
        <ele>212.37</ele>
        <time>2025-02-12T12:31:13Z</time>
        <extensions>
          <geotracker:meta c="3.96" s="22.2" />
        </extensions>
      </trkpt>
      <trkpt lat="30.36719744" lon="76.47019617">
        <ele>211.76</ele>
        <time>2025-02-12T12:31:14Z</time>
        <extensions>
          <geotracker:meta c="3.95" s="22.19" />
        </extensions>
      </trkpt>
      <trkpt lat="30.36705252" lon="76.47003013">
        <ele>211.11</ele>
        <time>2025-02-12T12:31:15Z</time>
        <extensions>
          <geotracker:meta c="3.94" s="22.51" />
        </extensions>
      </trkpt>
      <trkpt lat="30.36690978" lon="76.46986083">
        <ele>210.47</ele>
        <time>2025-02-12T12:31:16Z</time>
        <extensions>
          <geotracker:meta c="3.84" s="22.75" />
        </extensions>
      </trkpt>
      <trkpt lat="30.36677247" lon="76.46968493">
        <ele>209.88</ele>
        <time>2025-02-12T12:31:17Z</time>
        <extensions>
          <geotracker:meta c="3.82" s="22.8" />
        </extensions>
      </trkpt>
      <trkpt lat="30.36663628" lon="76.46950523">
        <ele>209.38</ele>
        <time>2025-02-12T12:31:18Z</time>
        <extensions>
          <geotracker:meta c="3.86" s="22.95" />
        </extensions>
      </trkpt>
      <trkpt lat="30.36649792" lon="76.46932661">
        <ele>209.04</ele>
        <time>2025-02-12T12:31:19Z</time>
        <extensions>
          <geotracker:meta c="3.84" s="22.96" />
        </extensions>
      </trkpt>
      <trkpt lat="30.36636424" lon="76.46914849">
        <ele>208.64</ele>
        <time>2025-02-12T12:31:20Z</time>
        <extensions>
          <geotracker:meta c="3.91" s="22.53" />
        </extensions>
      </trkpt>
      <trkpt lat="30.36623723" lon="76.46898286">
        <ele>208.66</ele>
        <time>2025-02-12T12:31:21Z</time>
        <extensions>
          <geotracker:meta c="3.97" s="21.21" />
        </extensions>
      </trkpt>
      <trkpt lat="30.36612042" lon="76.46882733">
        <ele>208.6</ele>
        <time>2025-02-12T12:31:22Z</time>
        <extensions>
          <geotracker:meta c="3.98" s="19.87" />
        </extensions>
      </trkpt>
      <trkpt lat="30.36600425" lon="76.4686752">
        <ele>208.71</ele>
        <time>2025-02-12T12:31:23Z</time>
        <extensions>
          <geotracker:meta c="3.96" s="19.46" />
        </extensions>
      </trkpt>
      <trkpt lat="30.36588906" lon="76.4685226">
        <ele>208.39</ele>
        <time>2025-02-12T12:31:24Z</time>
        <extensions>
          <geotracker:meta c="3.94" s="19.54" />
        </extensions>
      </trkpt>
      <trkpt lat="30.36577059" lon="76.46837077">
        <ele>208.19</ele>
        <time>2025-02-12T12:31:25Z</time>
        <extensions>
          <geotracker:meta c="3.92" s="19.43" />
        </extensions>
      </trkpt>
      <trkpt lat="30.36565865" lon="76.46822319">
        <ele>208.24</ele>
        <time>2025-02-12T12:31:26Z</time>
        <extensions>
          <geotracker:meta c="3.99" s="19.02" />
        </extensions>
      </trkpt>
      <trkpt lat="30.36555302" lon="76.46808063">
        <ele>208.33</ele>
        <time>2025-02-12T12:31:27Z</time>
        <extensions>
          <geotracker:meta c="4.03" s="18.09" />
        </extensions>
      </trkpt>
      <trkpt lat="30.36545145" lon="76.46794039">
        <ele>208.12</ele>
        <time>2025-02-12T12:31:28Z</time>
        <extensions>
          <geotracker:meta c="4.23" s="17.62" />
        </extensions>
      </trkpt>
      <trkpt lat="30.36535697" lon="76.46780687">
        <ele>207.91</ele>
        <time>2025-02-12T12:31:29Z</time>
        <extensions>
          <geotracker:meta c="4.14" s="16.61" />
        </extensions>
      </trkpt>
      <trkpt lat="30.36526896" lon="76.46768729">
        <ele>207.85</ele>
        <time>2025-02-12T12:31:30Z</time>
        <extensions>
          <geotracker:meta c="4.11" s="15.45" />
        </extensions>
      </trkpt>
      <trkpt lat="30.36517982" lon="76.46756755">
        <ele>207.93</ele>
        <time>2025-02-12T12:31:31Z</time>
        <extensions>
          <geotracker:meta c="4.11" s="15.09" />
        </extensions>
      </trkpt>
      <trkpt lat="30.36509348" lon="76.46744936">
        <ele>207.91</ele>
        <time>2025-02-12T12:31:32Z</time>
        <extensions>
          <geotracker:meta c="4.08" s="14.79" />
        </extensions>
      </trkpt>
      <trkpt lat="30.36501194" lon="76.46733719">
        <ele>207.66</ele>
        <time>2025-02-12T12:31:33Z</time>
        <extensions>
          <geotracker:meta c="4.18" s="14.09" />
        </extensions>
      </trkpt>
      <trkpt lat="30.3649308" lon="76.46722555">
        <ele>207.42</ele>
        <time>2025-02-12T12:31:34Z</time>
        <extensions>
          <geotracker:meta c="4.07" s="14.07" />
        </extensions>
      </trkpt>
      <trkpt lat="30.36484773" lon="76.46711138">
        <ele>207.02</ele>
        <time>2025-02-12T12:31:35Z</time>
        <extensions>
          <geotracker:meta c="4.03" s="14.07" />
        </extensions>
      </trkpt>
      <trkpt lat="30.36477061" lon="76.46699708">
        <ele>206.93</ele>
        <time>2025-02-12T12:31:36Z</time>
        <extensions>
          <geotracker:meta c="4.05" s="14.27" />
        </extensions>
      </trkpt>
      <trkpt lat="30.36468745" lon="76.46687502">
        <ele>206.84</ele>
        <time>2025-02-12T12:31:37Z</time>
        <extensions>
          <geotracker:meta c="4.09" s="14.76" />
        </extensions>
      </trkpt>
      <trkpt lat="30.36460264" lon="76.46675149">
        <ele>206.91</ele>
        <time>2025-02-12T12:31:38Z</time>
        <extensions>
          <geotracker:meta c="4.08" s="15.26" />
        </extensions>
      </trkpt>
      <trkpt lat="30.36451618" lon="76.46662129">
        <ele>207.18</ele>
        <time>2025-02-12T12:31:39Z</time>
        <extensions>
          <geotracker:meta c="4.1" s="15.75" />
        </extensions>
      </trkpt>
      <trkpt lat="30.36442475" lon="76.46648688">
        <ele>207.15</ele>
        <time>2025-02-12T12:31:40Z</time>
        <extensions>
          <geotracker:meta c="4.11" s="16.29" />
        </extensions>
      </trkpt>
      <trkpt lat="30.36432825" lon="76.46634774">
        <ele>207.08</ele>
        <time>2025-02-12T12:31:41Z</time>
        <extensions>
          <geotracker:meta c="4.1" s="16.81" />
        </extensions>
      </trkpt>
      <trkpt lat="30.36423202" lon="76.46620772">
        <ele>206.96</ele>
        <time>2025-02-12T12:31:42Z</time>
        <extensions>
          <geotracker:meta c="4.11" s="17.18" />
        </extensions>
      </trkpt>
      <trkpt lat="30.36413435" lon="76.46607027">
        <ele>207.01</ele>
        <time>2025-02-12T12:31:43Z</time>
        <extensions>
          <geotracker:meta c="4.1" s="17.03" />
        </extensions>
      </trkpt>
      <trkpt lat="30.36403701" lon="76.46593259">
        <ele>206.8</ele>
        <time>2025-02-12T12:31:44Z</time>
        <extensions>
          <geotracker:meta c="4.07" s="17.07" />
        </extensions>
      </trkpt>
      <trkpt lat="30.36394166" lon="76.46579426">
        <ele>206.87</ele>
        <time>2025-02-12T12:31:45Z</time>
        <extensions>
          <geotracker:meta c="4.1" s="17.14" />
        </extensions>
      </trkpt>
      <trkpt lat="30.36384593" lon="76.46565844">
        <ele>207.3</ele>
        <time>2025-02-12T12:31:46Z</time>
        <extensions>
          <geotracker:meta c="4.04" s="17.18" />
        </extensions>
      </trkpt>
      <trkpt lat="30.36374796" lon="76.46551713">
        <ele>207.58</ele>
        <time>2025-02-12T12:31:47Z</time>
        <extensions>
          <geotracker:meta c="4.07" s="17.44" />
        </extensions>
      </trkpt>
      <trkpt lat="30.36364867" lon="76.4653745">
        <ele>207.46</ele>
        <time>2025-02-12T12:31:48Z</time>
        <extensions>
          <geotracker:meta c="4.11" s="17.47" />
        </extensions>
      </trkpt>
      <trkpt lat="30.3635558" lon="76.46523184">
        <ele>207.6</ele>
        <time>2025-02-12T12:31:49Z</time>
        <extensions>
          <geotracker:meta c="4.07" s="17.4" />
        </extensions>
      </trkpt>
      <trkpt lat="30.36346443" lon="76.46509375">
        <ele>207.39</ele>
        <time>2025-02-12T12:31:50Z</time>
        <extensions>
          <geotracker:meta c="4.1" s="16.97" />
        </extensions>
      </trkpt>
      <trkpt lat="30.36338517" lon="76.46496233">
        <ele>206.46</ele>
        <time>2025-02-12T12:31:51Z</time>
        <extensions>
          <geotracker:meta c="4.13" s="15.27" />
        </extensions>
      </trkpt>
      <trkpt lat="30.36331202" lon="76.46484736">
        <ele>206.16</ele>
        <time>2025-02-12T12:31:52Z</time>
        <extensions>
          <geotracker:meta c="4.03" s="13.82" />
        </extensions>
      </trkpt>
      <trkpt lat="30.36323645" lon="76.46473578">
        <ele>206.19</ele>
        <time>2025-02-12T12:31:53Z</time>
        <extensions>
          <geotracker:meta c="4.15" s="13.47" />
        </extensions>
      </trkpt>
      <trkpt lat="30.36315853" lon="76.46462244">
        <ele>206.4</ele>
        <time>2025-02-12T12:31:54Z</time>
        <extensions>
          <geotracker:meta c="4.13" s="13.62" />
        </extensions>
      </trkpt>
      <trkpt lat="30.36308087" lon="76.46450998">
        <ele>206.74</ele>
        <time>2025-02-12T12:31:55Z</time>
        <extensions>
          <geotracker:meta c="4.13" s="13.89" />
        </extensions>
      </trkpt>
      <trkpt lat="30.36300229" lon="76.46439291">
        <ele>206.86</ele>
        <time>2025-02-12T12:31:56Z</time>
        <extensions>
          <geotracker:meta c="4.16" s="13.77" />
        </extensions>
      </trkpt>
      <trkpt lat="30.36292466" lon="76.46428272">
        <ele>206.73</ele>
        <time>2025-02-12T12:31:57Z</time>
        <extensions>
          <geotracker:meta c="4.09" s="13.62" />
        </extensions>
      </trkpt>
      <trkpt lat="30.36284634" lon="76.46417061">
        <ele>206.76</ele>
        <time>2025-02-12T12:31:58Z</time>
        <extensions>
          <geotracker:meta c="4.07" s="13.69" />
        </extensions>
      </trkpt>
      <trkpt lat="30.36277217" lon="76.46406363">
        <ele>207.56</ele>
        <time>2025-02-12T12:31:59Z</time>
        <extensions>
          <geotracker:meta c="4.05" s="13.26" />
        </extensions>
      </trkpt>
      <trkpt lat="30.36270005" lon="76.46395589">
        <ele>207.5</ele>
        <time>2025-02-12T12:32:00Z</time>
        <extensions>
          <geotracker:meta c="4.04" s="13.11" />
        </extensions>
      </trkpt>
      <trkpt lat="30.36262382" lon="76.46384261">
        <ele>207.49</ele>
        <time>2025-02-12T12:32:01Z</time>
        <extensions>
          <geotracker:meta c="4.1" s="13.5" />
        </extensions>
      </trkpt>
      <trkpt lat="30.36254575" lon="76.46372663">
        <ele>207.35</ele>
        <time>2025-02-12T12:32:02Z</time>
        <extensions>
          <geotracker:meta c="4.12" s="13.98" />
        </extensions>
      </trkpt>
      <trkpt lat="30.36246565" lon="76.46360889">
        <ele>207.52</ele>
        <time>2025-02-12T12:32:03Z</time>
        <extensions>
          <geotracker:meta c="4.09" s="14.49" />
        </extensions>
      </trkpt>
      <trkpt lat="30.36238349" lon="76.46348774">
        <ele>207.55</ele>
        <time>2025-02-12T12:32:04Z</time>
        <extensions>
          <geotracker:meta c="4.03" s="14.98" />
        </extensions>
      </trkpt>
      <trkpt lat="30.36229809" lon="76.4633613">
        <ele>207.52</ele>
        <time>2025-02-12T12:32:05Z</time>
        <extensions>
          <geotracker:meta c="4.03" s="15.37" />
        </extensions>
      </trkpt>
      <trkpt lat="30.36221428" lon="76.46323577">
        <ele>207.47</ele>
        <time>2025-02-12T12:32:06Z</time>
        <extensions>
          <geotracker:meta c="3.99" s="15.25" />
        </extensions>
      </trkpt>
      <trkpt lat="30.3621262" lon="76.46310915">
        <ele>207.66</ele>
        <time>2025-02-12T12:32:07Z</time>
        <extensions>
          <geotracker:meta c="4.04" s="15.44" />
        </extensions>
      </trkpt>
      <trkpt lat="30.36204002" lon="76.46298143">
        <ele>207.74</ele>
        <time>2025-02-12T12:32:08Z</time>
        <extensions>
          <geotracker:meta c="4.18" s="15.68" />
        </extensions>
      </trkpt>
      <trkpt lat="30.36195055" lon="76.46285203">
        <ele>207.72</ele>
        <time>2025-02-12T12:32:09Z</time>
        <extensions>
          <geotracker:meta c="4.16" s="15.76" />
        </extensions>
      </trkpt>
      <trkpt lat="30.36186129" lon="76.46272971">
        <ele>207.75</ele>
        <time>2025-02-12T12:32:10Z</time>
        <extensions>
          <geotracker:meta c="4.12" s="15.31" />
        </extensions>
      </trkpt>
      <trkpt lat="30.36177869" lon="76.46260981">
        <ele>207.71</ele>
        <time>2025-02-12T12:32:11Z</time>
        <extensions>
          <geotracker:meta c="4.12" s="15.08" />
        </extensions>
      </trkpt>
      <trkpt lat="30.36169037" lon="76.46247858">
        <ele>207.9</ele>
        <time>2025-02-12T12:32:12Z</time>
        <extensions>
          <geotracker:meta c="4.11" s="15.62" />
        </extensions>
      </trkpt>
      <trkpt lat="30.36159862" lon="76.46234694">
        <ele>207.98</ele>
        <time>2025-02-12T12:32:13Z</time>
        <extensions>
          <geotracker:meta c="4.11" s="16.05" />
        </extensions>
      </trkpt>
      <trkpt lat="30.3615053" lon="76.46220929">
        <ele>208.09</ele>
        <time>2025-02-12T12:32:14Z</time>
        <extensions>
          <geotracker:meta c="4.1" s="16.52" />
        </extensions>
      </trkpt>
      <trkpt lat="30.36140588" lon="76.46207385">
        <ele>207.75</ele>
        <time>2025-02-12T12:32:15Z</time>
        <extensions>
          <geotracker:meta c="4.06" s="16.9" />
        </extensions>
      </trkpt>
      <trkpt lat="30.36131147" lon="76.46192981">
        <ele>207.65</ele>
        <time>2025-02-12T12:32:16Z</time>
        <extensions>
          <geotracker:meta c="3.98" s="17.34" />
        </extensions>
      </trkpt>
      <trkpt lat="30.36121035" lon="76.46178522">
        <ele>207.47</ele>
        <time>2025-02-12T12:32:17Z</time>
        <extensions>
          <geotracker:meta c="4.14" s="17.77" />
        </extensions>
      </trkpt>
      <trkpt lat="30.36110764" lon="76.46163525">
        <ele>207.41</ele>
        <time>2025-02-12T12:32:18Z</time>
        <extensions>
          <geotracker:meta c="4.11" s="18.18" />
        </extensions>
      </trkpt>
      <trkpt lat="30.36100633" lon="76.46148275">
        <ele>207.06</ele>
        <time>2025-02-12T12:32:19Z</time>
        <extensions>
          <geotracker:meta c="4.12" s="18.54" />
        </extensions>
      </trkpt>
      <trkpt lat="30.36090096" lon="76.46132867">
        <ele>207.05</ele>
        <time>2025-02-12T12:32:20Z</time>
        <extensions>
          <geotracker:meta c="4.04" s="18.97" />
        </extensions>
      </trkpt>
      <trkpt lat="30.36079501" lon="76.46117311">
        <ele>206.92</ele>
        <time>2025-02-12T12:32:21Z</time>
        <extensions>
          <geotracker:meta c="4.05" s="19.38" />
        </extensions>
      </trkpt>
      <trkpt lat="30.36068378" lon="76.46101606">
        <ele>206.89</ele>
        <time>2025-02-12T12:32:22Z</time>
        <extensions>
          <geotracker:meta c="4.05" s="19.55" />
        </extensions>
      </trkpt>
      <trkpt lat="30.36057741" lon="76.46086958">
        <ele>206.92</ele>
        <time>2025-02-12T12:32:23Z</time>
        <extensions>
          <geotracker:meta c="3.94" s="18.59" />
        </extensions>
      </trkpt>
      <trkpt lat="30.36048016" lon="76.46072886">
        <ele>206.83</ele>
        <time>2025-02-12T12:32:24Z</time>
        <extensions>
          <geotracker:meta c="4.01" s="17.33" />
        </extensions>
      </trkpt>
      <trkpt lat="30.36038306" lon="76.46059205">
        <ele>207.07</ele>
        <time>2025-02-12T12:32:25Z</time>
        <extensions>
          <geotracker:meta c="3.98" s="16.94" />
        </extensions>
      </trkpt>
      <trkpt lat="30.36029503" lon="76.46046236">
        <ele>206.73</ele>
        <time>2025-02-12T12:32:26Z</time>
        <extensions>
          <geotracker:meta c="3.83" s="15.81" />
        </extensions>
      </trkpt>
      <trkpt lat="30.36020952" lon="76.46033096">
        <ele>206.66</ele>
        <time>2025-02-12T12:32:27Z</time>
        <extensions>
          <geotracker:meta c="3.82" s="15.78" />
        </extensions>
      </trkpt>
      <trkpt lat="30.36011718" lon="76.46020079">
        <ele>206.78</ele>
        <time>2025-02-12T12:32:28Z</time>
        <extensions>
          <geotracker:meta c="3.76" s="16.21" />
        </extensions>
      </trkpt>
      <trkpt lat="30.36001939" lon="76.4600631">
        <ele>206.55</ele>
        <time>2025-02-12T12:32:29Z</time>
        <extensions>
          <geotracker:meta c="3.83" s="16.78" />
        </extensions>
      </trkpt>
      <trkpt lat="30.35991913" lon="76.45992353">
        <ele>206.6</ele>
        <time>2025-02-12T12:32:30Z</time>
        <extensions>
          <geotracker:meta c="3.84" s="17.23" />
        </extensions>
      </trkpt>
      <trkpt lat="30.35981763" lon="76.45978114">
        <ele>206.65</ele>
        <time>2025-02-12T12:32:31Z</time>
        <extensions>
          <geotracker:meta c="3.83" s="17.55" />
        </extensions>
      </trkpt>
      <trkpt lat="30.3597177" lon="76.45964023">
        <ele>206.77</ele>
        <time>2025-02-12T12:32:32Z</time>
        <extensions>
          <geotracker:meta c="3.9" s="17.5" />
        </extensions>
      </trkpt>
      <trkpt lat="30.35963041" lon="76.45951216">
        <ele>206.57</ele>
        <time>2025-02-12T12:32:33Z</time>
        <extensions>
          <geotracker:meta c="3.92" s="15.51" />
        </extensions>
      </trkpt>
      <trkpt lat="30.35955937" lon="76.45940528">
        <ele>206.59</ele>
        <time>2025-02-12T12:32:34Z</time>
        <extensions>
          <geotracker:meta c="3.99" s="12.71" />
        </extensions>
      </trkpt>
      <trkpt lat="30.35950351" lon="76.45931803">
        <ele>206.44</ele>
        <time>2025-02-12T12:32:35Z</time>
        <extensions>
          <geotracker:meta c="4.09" s="10.6" />
        </extensions>
      </trkpt>
      <trkpt lat="30.35945544" lon="76.45922068">
        <ele>206.36</ele>
        <time>2025-02-12T12:32:36Z</time>
        <extensions>
          <geotracker:meta c="4.17" s="10.86" />
        </extensions>
      </trkpt>
      <trkpt lat="30.35939641" lon="76.45912538">
        <ele>206.32</ele>
        <time>2025-02-12T12:32:37Z</time>
        <extensions>
          <geotracker:meta c="4.12" s="11.37" />
        </extensions>
      </trkpt>
      <trkpt lat="30.35932888" lon="76.45902929">
        <ele>206.23</ele>
        <time>2025-02-12T12:32:38Z</time>
        <extensions>
          <geotracker:meta c="3.98" s="11.92" />
        </extensions>
      </trkpt>
      <trkpt lat="30.35926096" lon="76.4589304">
        <ele>206.08</ele>
        <time>2025-02-12T12:32:39Z</time>
        <extensions>
          <geotracker:meta c="4.04" s="12.21" />
        </extensions>
      </trkpt>
      <trkpt lat="30.35919636" lon="76.45883099">
        <ele>205.94</ele>
        <time>2025-02-12T12:32:40Z</time>
        <extensions>
          <geotracker:meta c="4.32" s="12.08" />
        </extensions>
      </trkpt>
      <trkpt lat="30.35912006" lon="76.45872329">
        <ele>205.9</ele>
        <time>2025-02-12T12:32:41Z</time>
        <extensions>
          <geotracker:meta c="4.09" s="13.24" />
        </extensions>
      </trkpt>
      <trkpt lat="30.35903869" lon="76.45860861">
        <ele>205.61</ele>
        <time>2025-02-12T12:32:42Z</time>
        <extensions>
          <geotracker:meta c="3.88" s="14.28" />
        </extensions>
      </trkpt>
      <trkpt lat="30.35895202" lon="76.4584848">
        <ele>205.71</ele>
        <time>2025-02-12T12:32:43Z</time>
        <extensions>
          <geotracker:meta c="3.92" s="15.31" />
        </extensions>
      </trkpt>
      <trkpt lat="30.35885837" lon="76.45835863">
        <ele>205.8</ele>
        <time>2025-02-12T12:32:44Z</time>
        <extensions>
          <geotracker:meta c="3.98" s="15.73" />
        </extensions>
      </trkpt>
      <trkpt lat="30.35876333" lon="76.45822374">
        <ele>205.8</ele>
        <time>2025-02-12T12:32:45Z</time>
        <extensions>
          <geotracker:meta c="3.96" s="16.38" />
        </extensions>
      </trkpt>
      <trkpt lat="30.3586687" lon="76.45808193">
        <ele>205.95</ele>
        <time>2025-02-12T12:32:46Z</time>
        <extensions>
          <geotracker:meta c="3.9" s="16.98" />
        </extensions>
      </trkpt>
      <trkpt lat="30.35856897" lon="76.45793558">
        <ele>206.21</ele>
        <time>2025-02-12T12:32:47Z</time>
        <extensions>
          <geotracker:meta c="3.84" s="17.51" />
        </extensions>
      </trkpt>
      <trkpt lat="30.3584669" lon="76.4577904">
        <ele>206.41</ele>
        <time>2025-02-12T12:32:48Z</time>
        <extensions>
          <geotracker:meta c="3.85" s="18.02" />
        </extensions>
      </trkpt>
      <trkpt lat="30.35835441" lon="76.45764149">
        <ele>206.58</ele>
        <time>2025-02-12T12:32:49Z</time>
        <extensions>
          <geotracker:meta c="3.98" s="18.67" />
        </extensions>
      </trkpt>
      <trkpt lat="30.35823755" lon="76.45749542">
        <ele>207.23</ele>
        <time>2025-02-12T12:32:50Z</time>
        <extensions>
          <geotracker:meta c="3.93" s="19.06" />
        </extensions>
      </trkpt>
      <trkpt lat="30.35812534" lon="76.45734295">
        <ele>207.76</ele>
        <time>2025-02-12T12:32:51Z</time>
        <extensions>
          <geotracker:meta c="3.99" s="19.48" />
        </extensions>
      </trkpt>
      <trkpt lat="30.35800857" lon="76.45718385">
        <ele>208.37</ele>
        <time>2025-02-12T12:32:52Z</time>
        <extensions>
          <geotracker:meta c="3.98" s="19.75" />
        </extensions>
      </trkpt>
      <trkpt lat="30.35789678" lon="76.45701894">
        <ele>208.56</ele>
        <time>2025-02-12T12:32:53Z</time>
        <extensions>
          <geotracker:meta c="4.02" s="20.24" />
        </extensions>
      </trkpt>
      <trkpt lat="30.35778584" lon="76.45684808">
        <ele>209.3</ele>
        <time>2025-02-12T12:32:54Z</time>
        <extensions>
          <geotracker:meta c="3.93" s="20.54" />
        </extensions>
      </trkpt>
      <trkpt lat="30.35767476" lon="76.45666885">
        <ele>209.77</ele>
        <time>2025-02-12T12:32:55Z</time>
        <extensions>
          <geotracker:meta c="4.02" s="20.98" />
        </extensions>
      </trkpt>
      <trkpt lat="30.35756176" lon="76.45648692">
        <ele>210.22</ele>
        <time>2025-02-12T12:32:56Z</time>
        <extensions>
          <geotracker:meta c="4.04" s="21.42" />
        </extensions>
      </trkpt>
      <trkpt lat="30.3574438" lon="76.45630313">
        <ele>210.54</ele>
        <time>2025-02-12T12:32:57Z</time>
        <extensions>
          <geotracker:meta c="4.06" s="21.87" />
        </extensions>
      </trkpt>
      <trkpt lat="30.35732055" lon="76.45611748">
        <ele>211.02</ele>
        <time>2025-02-12T12:32:58Z</time>
        <extensions>
          <geotracker:meta c="4.04" s="22.38" />
        </extensions>
      </trkpt>
      <trkpt lat="30.35719244" lon="76.45592935">
        <ele>211.31</ele>
        <time>2025-02-12T12:32:59Z</time>
        <extensions>
          <geotracker:meta c="4.05" s="22.89" />
        </extensions>
      </trkpt>
      <trkpt lat="30.35705934" lon="76.45573942">
        <ele>211.59</ele>
        <time>2025-02-12T12:33:00Z</time>
        <extensions>
          <geotracker:meta c="4.05" s="23.37" />
        </extensions>
      </trkpt>
      <trkpt lat="30.35692636" lon="76.45555177">
        <ele>211.66</ele>
        <time>2025-02-12T12:33:01Z</time>
        <extensions>
          <geotracker:meta c="4.04" s="23.41" />
        </extensions>
      </trkpt>
      <trkpt lat="30.35679563" lon="76.45536119">
        <ele>211.67</ele>
        <time>2025-02-12T12:33:02Z</time>
        <extensions>
          <geotracker:meta c="4.01" s="23.23" />
        </extensions>
      </trkpt>
      <trkpt lat="30.35666395" lon="76.45516813">
        <ele>211.68</ele>
        <time>2025-02-12T12:33:03Z</time>
        <extensions>
          <geotracker:meta c="4.03" s="23.31" />
        </extensions>
      </trkpt>
      <trkpt lat="30.35653451" lon="76.45497605">
        <ele>211.47</ele>
        <time>2025-02-12T12:33:04Z</time>
        <extensions>
          <geotracker:meta c="4.11" s="23.47" />
        </extensions>
      </trkpt>
      <trkpt lat="30.35639799" lon="76.45478168">
        <ele>211.23</ele>
        <time>2025-02-12T12:33:05Z</time>
        <extensions>
          <geotracker:meta c="4.06" s="23.64" />
        </extensions>
      </trkpt>
      <trkpt lat="30.35626314" lon="76.45459021">
        <ele>210.78</ele>
        <time>2025-02-12T12:33:06Z</time>
        <extensions>
          <geotracker:meta c="4.03" s="23.58" />
        </extensions>
      </trkpt>
      <trkpt lat="30.35613427" lon="76.45440103">
        <ele>210.14</ele>
        <time>2025-02-12T12:33:07Z</time>
        <extensions>
          <geotracker:meta c="4.07" s="23.33" />
        </extensions>
      </trkpt>
      <trkpt lat="30.35600572" lon="76.45421281">
        <ele>209.77</ele>
        <time>2025-02-12T12:33:08Z</time>
        <extensions>
          <geotracker:meta c="4.09" s="23.07" />
        </extensions>
      </trkpt>
      <trkpt lat="30.3558745" lon="76.45402011">
        <ele>208.83</ele>
        <time>2025-02-12T12:33:09Z</time>
        <extensions>
          <geotracker:meta c="4.09" s="23.14" />
        </extensions>
      </trkpt>
      <trkpt lat="30.35574673" lon="76.45383293">
        <ele>208.38</ele>
        <time>2025-02-12T12:33:10Z</time>
        <extensions>
          <geotracker:meta c="4.13" s="22.92" />
        </extensions>
      </trkpt>
      <trkpt lat="30.35562521" lon="76.45365024">
        <ele>207.58</ele>
        <time>2025-02-12T12:33:11Z</time>
        <extensions>
          <geotracker:meta c="4.11" s="22.19" />
        </extensions>
      </trkpt>
      <trkpt lat="30.35550462" lon="76.45346686">
        <ele>207.01</ele>
        <time>2025-02-12T12:33:12Z</time>
        <extensions>
          <geotracker:meta c="4.08" s="22.07" />
        </extensions>
      </trkpt>
      <trkpt lat="30.35538575" lon="76.45328322">
        <ele>206.27</ele>
        <time>2025-02-12T12:33:13Z</time>
        <extensions>
          <geotracker:meta c="4.08" s="21.93" />
        </extensions>
      </trkpt>
      <trkpt lat="30.35527036" lon="76.453096">
        <ele>205.37</ele>
        <time>2025-02-12T12:33:14Z</time>
        <extensions>
          <geotracker:meta c="4.11" s="22.08" />
        </extensions>
      </trkpt>
      <trkpt lat="30.35515544" lon="76.45290355">
        <ele>204.62</ele>
        <time>2025-02-12T12:33:15Z</time>
        <extensions>
          <geotracker:meta c="4.12" s="22.44" />
        </extensions>
      </trkpt>
      <trkpt lat="30.35504422" lon="76.45270846">
        <ele>203.93</ele>
        <time>2025-02-12T12:33:16Z</time>
        <extensions>
          <geotracker:meta c="4.22" s="22.39" />
        </extensions>
      </trkpt>
      <trkpt lat="30.35493616" lon="76.45251449">
        <ele>203.31</ele>
        <time>2025-02-12T12:33:17Z</time>
        <extensions>
          <geotracker:meta c="4.25" s="22.17" />
        </extensions>
      </trkpt>
      <trkpt lat="30.35483432" lon="76.45232484">
        <ele>202.89</ele>
        <time>2025-02-12T12:33:18Z</time>
        <extensions>
          <geotracker:meta c="4.26" s="21.47" />
        </extensions>
      </trkpt>
      <trkpt lat="30.35473746" lon="76.45214604">
        <ele>202.01</ele>
        <time>2025-02-12T12:33:19Z</time>
        <extensions>
          <geotracker:meta c="4.24" s="20.7" />
        </extensions>
      </trkpt>
      <trkpt lat="30.35464324" lon="76.451963">
        <ele>201.52</ele>
        <time>2025-02-12T12:33:20Z</time>
        <extensions>
          <geotracker:meta c="4.27" s="20.42" />
        </extensions>
      </trkpt>
      <trkpt lat="30.35454384" lon="76.45178191">
        <ele>201.47</ele>
        <time>2025-02-12T12:33:21Z</time>
        <extensions>
          <geotracker:meta c="4.21" s="20.66" />
        </extensions>
      </trkpt>
      <trkpt lat="30.35444111" lon="76.45160448">
        <ele>202.1</ele>
        <time>2025-02-12T12:33:22Z</time>
        <extensions>
          <geotracker:meta c="4.16" s="20.72" />
        </extensions>
      </trkpt>
      <trkpt lat="30.35433147" lon="76.45143386">
        <ele>202.16</ele>
        <time>2025-02-12T12:33:23Z</time>
        <extensions>
          <geotracker:meta c="4.11" s="20.43" />
        </extensions>
      </trkpt>
      <trkpt lat="30.35421592" lon="76.45126703">
        <ele>202.19</ele>
        <time>2025-02-12T12:33:24Z</time>
        <extensions>
          <geotracker:meta c="4.1" s="20" />
        </extensions>
      </trkpt>
      <trkpt lat="30.3540953" lon="76.45110561">
        <ele>202.2</ele>
        <time>2025-02-12T12:33:25Z</time>
        <extensions>
          <geotracker:meta c="4.01" s="20.26" />
        </extensions>
      </trkpt>
      <trkpt lat="30.35397093" lon="76.45094653">
        <ele>202.13</ele>
        <time>2025-02-12T12:33:26Z</time>
        <extensions>
          <geotracker:meta c="4" s="20.78" />
        </extensions>
      </trkpt>
      <trkpt lat="30.35384217" lon="76.45078414">
        <ele>202.02</ele>
        <time>2025-02-12T12:33:27Z</time>
        <extensions>
          <geotracker:meta c="3.95" s="21.3" />
        </extensions>
      </trkpt>
      <trkpt lat="30.35370771" lon="76.45061873">
        <ele>202.12</ele>
        <time>2025-02-12T12:33:28Z</time>
        <extensions>
          <geotracker:meta c="3.97" s="21.74" />
        </extensions>
      </trkpt>
      <trkpt lat="30.35357116" lon="76.45045299">
        <ele>202.06</ele>
        <time>2025-02-12T12:33:29Z</time>
        <extensions>
          <geotracker:meta c="3.9" s="21.95" />
        </extensions>
      </trkpt>
      <trkpt lat="30.35343533" lon="76.45028412">
        <ele>201.93</ele>
        <time>2025-02-12T12:33:30Z</time>
        <extensions>
          <geotracker:meta c="3.94" s="22.08" />
        </extensions>
      </trkpt>
      <trkpt lat="30.35330011" lon="76.45011853">
        <ele>202.06</ele>
        <time>2025-02-12T12:33:31Z</time>
        <extensions>
          <geotracker:meta c="3.95" s="21.77" />
        </extensions>
      </trkpt>
      <trkpt lat="30.35317369" lon="76.44995867">
        <ele>202.07</ele>
        <time>2025-02-12T12:33:32Z</time>
        <extensions>
          <geotracker:meta c="3.95" s="21.06" />
        </extensions>
      </trkpt>
      <trkpt lat="30.35305267" lon="76.44980761">
        <ele>201.97</ele>
        <time>2025-02-12T12:33:33Z</time>
        <extensions>
          <geotracker:meta c="3.95" s="19.93" />
        </extensions>
      </trkpt>
      <trkpt lat="30.35293868" lon="76.44966664">
        <ele>201.92</ele>
        <time>2025-02-12T12:33:34Z</time>
        <extensions>
          <geotracker:meta c="3.95" s="18.63" />
        </extensions>
      </trkpt>
      <trkpt lat="30.3528332" lon="76.44953624">
        <ele>201.93</ele>
        <time>2025-02-12T12:33:35Z</time>
        <extensions>
          <geotracker:meta c="3.95" s="17.26" />
        </extensions>
      </trkpt>
      <trkpt lat="30.35273517" lon="76.44941784">
        <ele>202.41</ele>
        <time>2025-02-12T12:33:36Z</time>
        <extensions>
          <geotracker:meta c="3.92" s="15.97" />
        </extensions>
      </trkpt>
      <trkpt lat="30.35264716" lon="76.44930404">
        <ele>202.77</ele>
        <time>2025-02-12T12:33:37Z</time>
        <extensions>
          <geotracker:meta c="3.91" s="14.64" />
        </extensions>
      </trkpt>
      <trkpt lat="30.35256864" lon="76.44920419">
        <ele>202.78</ele>
        <time>2025-02-12T12:33:38Z</time>
        <extensions>
          <geotracker:meta c="3.95" s="12.85" />
        </extensions>
      </trkpt>
      <trkpt lat="30.35250573" lon="76.44912464">
        <ele>202.69</ele>
        <time>2025-02-12T12:33:39Z</time>
        <extensions>
          <geotracker:meta c="3.99" s="10.6" />
        </extensions>
      </trkpt>
      <trkpt lat="30.3524175" lon="76.44901591">
        <ele>202.67</ele>
        <time>2025-02-12T12:33:41Z</time>
        <extensions>
          <geotracker:meta c="3.97" s="6.38" />
        </extensions>
      </trkpt>
      <trkpt lat="30.35235413" lon="76.44892541">
        <ele>202.36</ele>
        <time>2025-02-12T12:34:16Z</time>
        <extensions>
          <geotracker:meta c="3.95" s="1.83" />
        </extensions>
      </trkpt>
      <trkpt lat="30.35225863" lon="76.4488165">
        <ele>203.31</ele>
        <time>2025-02-12T12:34:19Z</time>
        <extensions>
          <geotracker:meta c="3.96" s="6.14" />
        </extensions>
      </trkpt>
      <trkpt lat="30.35217209" lon="76.44871822">
        <ele>203.82</ele>
        <time>2025-02-12T12:34:21Z</time>
        <extensions>
          <geotracker:meta c="3.95" s="7.64" />
        </extensions>
      </trkpt>
      <trkpt lat="30.35207018" lon="76.44859483">
        <ele>203.83</ele>
        <time>2025-02-12T12:34:23Z</time>
        <extensions>
          <geotracker:meta c="4" s="8.48" />
        </extensions>
      </trkpt>
      <trkpt lat="30.35196223" lon="76.44845684">
        <ele>203.53</ele>
        <time>2025-02-12T12:34:25Z</time>
        <extensions>
          <geotracker:meta c="3.9" s="8.97" />
        </extensions>
      </trkpt>
      <trkpt lat="30.35184843" lon="76.44832199">
        <ele>203.37</ele>
        <time>2025-02-12T12:34:27Z</time>
        <extensions>
          <geotracker:meta c="3.92" s="8.79" />
        </extensions>
      </trkpt>
      <trkpt lat="30.35173028" lon="76.44817587">
        <ele>203.34</ele>
        <time>2025-02-12T12:34:29Z</time>
        <extensions>
          <geotracker:meta c="3.94" s="9.66" />
        </extensions>
      </trkpt>
      <trkpt lat="30.3516662" lon="76.44809814">
        <ele>202.87</ele>
        <time>2025-02-12T12:34:30Z</time>
        <extensions>
          <geotracker:meta c="3.95" s="9.97" />
        </extensions>
      </trkpt>
      <trkpt lat="30.3515708" lon="76.44798014">
        <ele>202.6</ele>
        <time>2025-02-12T12:34:32Z</time>
        <extensions>
          <geotracker:meta c="3.93" s="7.51" />
        </extensions>
      </trkpt>
      <trkpt lat="30.35149329" lon="76.44786853">
        <ele>202.65</ele>
        <time>2025-02-12T12:34:35Z</time>
        <extensions>
          <geotracker:meta c="3.92" s="3.07" />
        </extensions>
      </trkpt>
      <trkpt lat="30.35141972" lon="76.44779555">
        <ele>202.3</ele>
        <time>2025-02-12T12:34:41Z</time>
        <extensions>
          <geotracker:meta c="3.93" s="3.16" />
        </extensions>
      </trkpt>
      <trkpt lat="30.35134658" lon="76.44770462">
        <ele>202.44</ele>
        <time>2025-02-12T12:34:43Z</time>
        <extensions>
          <geotracker:meta c="4.01" s="6.28" />
        </extensions>
      </trkpt>
      <trkpt lat="30.35125269" lon="76.44757836">
        <ele>202.43</ele>
        <time>2025-02-12T12:34:45Z</time>
        <extensions>
          <geotracker:meta c="3.99" s="8.95" />
        </extensions>
      </trkpt>
      <trkpt lat="30.35113102" lon="76.44742496">
        <ele>202.63</ele>
        <time>2025-02-12T12:34:47Z</time>
        <extensions>
          <geotracker:meta c="3.97" s="10.75" />
        </extensions>
      </trkpt>
      <trkpt lat="30.3510668" lon="76.44734464">
        <ele>202.76</ele>
        <time>2025-02-12T12:34:48Z</time>
        <extensions>
          <geotracker:meta c="3.96" s="10.5" />
        </extensions>
      </trkpt>
      <trkpt lat="30.35099624" lon="76.44725702">
        <ele>202.82</ele>
        <time>2025-02-12T12:34:49Z</time>
        <extensions>
          <geotracker:meta c="3.97" s="11.22" />
        </extensions>
      </trkpt>
      <trkpt lat="30.35092214" lon="76.44716422">
        <ele>202.98</ele>
        <time>2025-02-12T12:34:50Z</time>
        <extensions>
          <geotracker:meta c="3.96" s="11.92" />
        </extensions>
      </trkpt>
      <trkpt lat="30.3508439" lon="76.44706798">
        <ele>203.13</ele>
        <time>2025-02-12T12:34:51Z</time>
        <extensions>
          <geotracker:meta c="3.95" s="12.58" />
        </extensions>
      </trkpt>
      <trkpt lat="30.3507607" lon="76.44696451">
        <ele>203.25</ele>
        <time>2025-02-12T12:34:52Z</time>
        <extensions>
          <geotracker:meta c="3.95" s="13.42" />
        </extensions>
      </trkpt>
      <trkpt lat="30.35067305" lon="76.44685658">
        <ele>203.28</ele>
        <time>2025-02-12T12:34:53Z</time>
        <extensions>
          <geotracker:meta c="3.95" s="14.23" />
        </extensions>
      </trkpt>
      <trkpt lat="30.35057925" lon="76.44674098">
        <ele>203.33</ele>
        <time>2025-02-12T12:34:54Z</time>
        <extensions>
          <geotracker:meta c="3.96" s="15.09" />
        </extensions>
      </trkpt>
      <trkpt lat="30.35048469" lon="76.44662444">
        <ele>203.29</ele>
        <time>2025-02-12T12:34:55Z</time>
        <extensions>
          <geotracker:meta c="3.96" s="15.21" />
        </extensions>
      </trkpt>
      <trkpt lat="30.35038798" lon="76.44650528">
        <ele>203.3</ele>
        <time>2025-02-12T12:34:56Z</time>
        <extensions>
          <geotracker:meta c="3.95" s="15.58" />
        </extensions>
      </trkpt>
      <trkpt lat="30.35029026" lon="76.4463819">
        <ele>203.51</ele>
        <time>2025-02-12T12:34:57Z</time>
        <extensions>
          <geotracker:meta c="3.95" s="15.86" />
        </extensions>
      </trkpt>
      <trkpt lat="30.3501915" lon="76.44625957">
        <ele>203.65</ele>
        <time>2025-02-12T12:34:58Z</time>
        <extensions>
          <geotracker:meta c="3.95" s="16.04" />
        </extensions>
      </trkpt>
      <trkpt lat="30.35009064" lon="76.44613578">
        <ele>203.65</ele>
        <time>2025-02-12T12:34:59Z</time>
        <extensions>
          <geotracker:meta c="3.95" s="16.24" />
        </extensions>
      </trkpt>
      <trkpt lat="30.34998972" lon="76.44601374">
        <ele>203.83</ele>
        <time>2025-02-12T12:35:00Z</time>
        <extensions>
          <geotracker:meta c="3.95" s="16.03" />
        </extensions>
      </trkpt>
      <trkpt lat="30.34988927" lon="76.44588988">
        <ele>203.93</ele>
        <time>2025-02-12T12:35:01Z</time>
        <extensions>
          <geotracker:meta c="3.95" s="16.17" />
        </extensions>
      </trkpt>
      <trkpt lat="30.34978718" lon="76.44576377">
        <ele>204.09</ele>
        <time>2025-02-12T12:35:02Z</time>
        <extensions>
          <geotracker:meta c="3.95" s="16.42" />
        </extensions>
      </trkpt>
      <trkpt lat="30.34968408" lon="76.44563679">
        <ele>204.46</ele>
        <time>2025-02-12T12:35:03Z</time>
        <extensions>
          <geotracker:meta c="3.96" s="16.72" />
        </extensions>
      </trkpt>
      <trkpt lat="30.34958198" lon="76.4455081">
        <ele>204.93</ele>
        <time>2025-02-12T12:35:04Z</time>
        <extensions>
          <geotracker:meta c="3.97" s="16.76" />
        </extensions>
      </trkpt>
      <trkpt lat="30.34948171" lon="76.44538022">
        <ele>205.45</ele>
        <time>2025-02-12T12:35:05Z</time>
        <extensions>
          <geotracker:meta c="3.98" s="16.68" />
        </extensions>
      </trkpt>
      <trkpt lat="30.34938257" lon="76.44524558">
        <ele>205.92</ele>
        <time>2025-02-12T12:35:06Z</time>
        <extensions>
          <geotracker:meta c="4.01" s="16.92" />
        </extensions>
      </trkpt>
      <trkpt lat="30.34928556" lon="76.44510844">
        <ele>206.3</ele>
        <time>2025-02-12T12:35:07Z</time>
        <extensions>
          <geotracker:meta c="4.03" s="17.14" />
        </extensions>
      </trkpt>
      <trkpt lat="30.34918915" lon="76.44496422">
        <ele>206.72</ele>
        <time>2025-02-12T12:35:08Z</time>
        <extensions>
          <geotracker:meta c="4.06" s="17.44" />
        </extensions>
      </trkpt>
      <trkpt lat="30.3490952" lon="76.44481762">
        <ele>207.22</ele>
        <time>2025-02-12T12:35:09Z</time>
        <extensions>
          <geotracker:meta c="4.08" s="17.43" />
        </extensions>
      </trkpt>
      <trkpt lat="30.34900175" lon="76.44466864">
        <ele>207.62</ele>
        <time>2025-02-12T12:35:10Z</time>
        <extensions>
          <geotracker:meta c="4.08" s="17.62" />
        </extensions>
      </trkpt>
      <trkpt lat="30.34890992" lon="76.44451562">
        <ele>207.94</ele>
        <time>2025-02-12T12:35:11Z</time>
        <extensions>
          <geotracker:meta c="4.1" s="17.75" />
        </extensions>
      </trkpt>
      <trkpt lat="30.34881954" lon="76.44436593">
        <ele>208.57</ele>
        <time>2025-02-12T12:35:12Z</time>
        <extensions>
          <geotracker:meta c="4.11" s="17.71" />
        </extensions>
      </trkpt>
      <trkpt lat="30.3487338" lon="76.44421658">
        <ele>208.85</ele>
        <time>2025-02-12T12:35:13Z</time>
        <extensions>
          <geotracker:meta c="4.11" s="17.25" />
        </extensions>
      </trkpt>
      <trkpt lat="30.34864471" lon="76.44407469">
        <ele>209.4</ele>
        <time>2025-02-12T12:35:14Z</time>
        <extensions>
          <geotracker:meta c="4.09" s="16.93" />
        </extensions>
      </trkpt>
      <trkpt lat="30.34855645" lon="76.44393275">
        <ele>210.06</ele>
        <time>2025-02-12T12:35:15Z</time>
        <extensions>
          <geotracker:meta c="4.09" s="16.65" />
        </extensions>
      </trkpt>
      <trkpt lat="30.34847324" lon="76.44379504">
        <ele>210.41</ele>
        <time>2025-02-12T12:35:16Z</time>
        <extensions>
          <geotracker:meta c="4.09" s="16.43" />
        </extensions>
      </trkpt>
      <trkpt lat="30.34838853" lon="76.44365614">
        <ele>210.56</ele>
        <time>2025-02-12T12:35:17Z</time>
        <extensions>
          <geotracker:meta c="4.1" s="16.41" />
        </extensions>
      </trkpt>
      <trkpt lat="30.34830289" lon="76.44351562">
        <ele>210.96</ele>
        <time>2025-02-12T12:35:18Z</time>
        <extensions>
          <geotracker:meta c="4.1" s="16.5" />
        </extensions>
      </trkpt>
      <trkpt lat="30.34821776" lon="76.44337343">
        <ele>211.23</ele>
        <time>2025-02-12T12:35:19Z</time>
        <extensions>
          <geotracker:meta c="4.11" s="16.61" />
        </extensions>
      </trkpt>
      <trkpt lat="30.34813556" lon="76.44323083">
        <ele>211.41</ele>
        <time>2025-02-12T12:35:20Z</time>
        <extensions>
          <geotracker:meta c="4.11" s="16.6" />
        </extensions>
      </trkpt>
      <trkpt lat="30.34805346" lon="76.44308621">
        <ele>211.61</ele>
        <time>2025-02-12T12:35:21Z</time>
        <extensions>
          <geotracker:meta c="4.11" s="16.73" />
        </extensions>
      </trkpt>
      <trkpt lat="30.34796925" lon="76.44294234">
        <ele>211.61</ele>
        <time>2025-02-12T12:35:22Z</time>
        <extensions>
          <geotracker:meta c="4.12" s="16.7" />
        </extensions>
      </trkpt>
      <trkpt lat="30.34788835" lon="76.44280734">
        <ele>211.72</ele>
        <time>2025-02-12T12:35:23Z</time>
        <extensions>
          <geotracker:meta c="4.11" s="15.99" />
        </extensions>
      </trkpt>
      <trkpt lat="30.34781017" lon="76.44267529">
        <ele>211.9</ele>
        <time>2025-02-12T12:35:24Z</time>
        <extensions>
          <geotracker:meta c="4.11" s="15.36" />
        </extensions>
      </trkpt>
      <trkpt lat="30.34773194" lon="76.44254196">
        <ele>212.06</ele>
        <time>2025-02-12T12:35:25Z</time>
        <extensions>
          <geotracker:meta c="4.11" s="15.47" />
        </extensions>
      </trkpt>
      <trkpt lat="30.34765208" lon="76.44240712">
        <ele>212.12</ele>
        <time>2025-02-12T12:35:26Z</time>
        <extensions>
          <geotracker:meta c="4.11" s="15.77" />
        </extensions>
      </trkpt>
      <trkpt lat="30.34757148" lon="76.4422733">
        <ele>212.22</ele>
        <time>2025-02-12T12:35:27Z</time>
        <extensions>
          <geotracker:meta c="4.11" s="15.61" />
        </extensions>
      </trkpt>
      <trkpt lat="30.34749853" lon="76.44214292">
        <ele>212.32</ele>
        <time>2025-02-12T12:35:28Z</time>
        <extensions>
          <geotracker:meta c="4.11" s="14.98" />
        </extensions>
      </trkpt>
      <trkpt lat="30.34742464" lon="76.44201567">
        <ele>212.31</ele>
        <time>2025-02-12T12:35:29Z</time>
        <extensions>
          <geotracker:meta c="4.11" s="14.72" />
        </extensions>
      </trkpt>
      <trkpt lat="30.34735009" lon="76.44188982">
        <ele>212</ele>
        <time>2025-02-12T12:35:30Z</time>
        <extensions>
          <geotracker:meta c="4.11" s="14.79" />
        </extensions>
      </trkpt>
      <trkpt lat="30.347274" lon="76.44176095">
        <ele>211.8</ele>
        <time>2025-02-12T12:35:31Z</time>
        <extensions>
          <geotracker:meta c="4.11" s="15.07" />
        </extensions>
      </trkpt>
      <trkpt lat="30.34719827" lon="76.44163201">
        <ele>211.52</ele>
        <time>2025-02-12T12:35:32Z</time>
        <extensions>
          <geotracker:meta c="4.11" s="15.21" />
        </extensions>
      </trkpt>
      <trkpt lat="30.3471239" lon="76.44150545">
        <ele>211.35</ele>
        <time>2025-02-12T12:35:33Z</time>
        <extensions>
          <geotracker:meta c="4.12" s="14.89" />
        </extensions>
      </trkpt>
      <trkpt lat="30.34704799" lon="76.44137713">
        <ele>211.05</ele>
        <time>2025-02-12T12:35:34Z</time>
        <extensions>
          <geotracker:meta c="4.1" s="14.94" />
        </extensions>
      </trkpt>
      <trkpt lat="30.34696746" lon="76.44124545">
        <ele>210.91</ele>
        <time>2025-02-12T12:35:35Z</time>
        <extensions>
          <geotracker:meta c="4.09" s="15.48" />
        </extensions>
      </trkpt>
      <trkpt lat="30.34688554" lon="76.44111176">
        <ele>210.62</ele>
        <time>2025-02-12T12:35:36Z</time>
        <extensions>
          <geotracker:meta c="4.1" s="15.74" />
        </extensions>
      </trkpt>
      <trkpt lat="30.346802" lon="76.44097317">
        <ele>210.3</ele>
        <time>2025-02-12T12:35:37Z</time>
        <extensions>
          <geotracker:meta c="4.1" s="16.18" />
        </extensions>
      </trkpt>
      <trkpt lat="30.3467186" lon="76.44082875">
        <ele>209.86</ele>
        <time>2025-02-12T12:35:38Z</time>
        <extensions>
          <geotracker:meta c="4.12" s="16.69" />
        </extensions>
      </trkpt>
      <trkpt lat="30.34663281" lon="76.44068019">
        <ele>209.4</ele>
        <time>2025-02-12T12:35:39Z</time>
        <extensions>
          <geotracker:meta c="4.12" s="17.13" />
        </extensions>
      </trkpt>
      <trkpt lat="30.34654591" lon="76.44052808">
        <ele>209.01</ele>
        <time>2025-02-12T12:35:40Z</time>
        <extensions>
          <geotracker:meta c="4.13" s="17.61" />
        </extensions>
      </trkpt>
      <trkpt lat="30.346454" lon="76.44036984">
        <ele>208.54</ele>
        <time>2025-02-12T12:35:41Z</time>
        <extensions>
          <geotracker:meta c="4.13" s="18.08" />
        </extensions>
      </trkpt>
      <trkpt lat="30.3463607" lon="76.44020969">
        <ele>208.11</ele>
        <time>2025-02-12T12:35:42Z</time>
        <extensions>
          <geotracker:meta c="4.13" s="18.5" />
        </extensions>
      </trkpt>
      <trkpt lat="30.346265" lon="76.44004955">
        <ele>207.58</ele>
        <time>2025-02-12T12:35:43Z</time>
        <extensions>
          <geotracker:meta c="4.11" s="18.71" />
        </extensions>
      </trkpt>
      <trkpt lat="30.34616693" lon="76.43989198">
        <ele>207.2</ele>
        <time>2025-02-12T12:35:44Z</time>
        <extensions>
          <geotracker:meta c="4.1" s="18.42" />
        </extensions>
      </trkpt>
      <trkpt lat="30.34607092" lon="76.43973779">
        <ele>206.5</ele>
        <time>2025-02-12T12:35:45Z</time>
        <extensions>
          <geotracker:meta c="4.12" s="18.38" />
        </extensions>
      </trkpt>
      <trkpt lat="30.34596904" lon="76.43958703">
        <ele>205.69</ele>
        <time>2025-02-12T12:35:46Z</time>
        <extensions>
          <geotracker:meta c="4.08" s="18.69" />
        </extensions>
      </trkpt>
      <trkpt lat="30.34586588" lon="76.43943335">
        <ele>204.88</ele>
        <time>2025-02-12T12:35:47Z</time>
        <extensions>
          <geotracker:meta c="4.07" s="18.59" />
        </extensions>
      </trkpt>
      <trkpt lat="30.34575993" lon="76.43927915">
        <ele>204.16</ele>
        <time>2025-02-12T12:35:48Z</time>
        <extensions>
          <geotracker:meta c="4.05" s="19.33" />
        </extensions>
      </trkpt>
      <trkpt lat="30.34565975" lon="76.43912394">
        <ele>203.84</ele>
        <time>2025-02-12T12:35:49Z</time>
        <extensions>
          <geotracker:meta c="4.07" s="18.8" />
        </extensions>
      </trkpt>
      <trkpt lat="30.34556217" lon="76.43897504">
        <ele>203.35</ele>
        <time>2025-02-12T12:35:50Z</time>
        <extensions>
          <geotracker:meta c="4.07" s="18.12" />
        </extensions>
      </trkpt>
      <trkpt lat="30.34546584" lon="76.4388306">
        <ele>202.93</ele>
        <time>2025-02-12T12:35:51Z</time>
        <extensions>
          <geotracker:meta c="4.05" s="17.64" />
        </extensions>
      </trkpt>
      <trkpt lat="30.34537187" lon="76.43869098">
        <ele>202.32</ele>
        <time>2025-02-12T12:35:52Z</time>
        <extensions>
          <geotracker:meta c="4.05" s="17" />
        </extensions>
      </trkpt>
      <trkpt lat="30.34527507" lon="76.43855597">
        <ele>202.33</ele>
        <time>2025-02-12T12:35:53Z</time>
        <extensions>
          <geotracker:meta c="4.02" s="16.4" />
        </extensions>
      </trkpt>
      <trkpt lat="30.34517694" lon="76.4384233">
        <ele>202.36</ele>
        <time>2025-02-12T12:35:54Z</time>
        <extensions>
          <geotracker:meta c="4.01" s="16.67" />
        </extensions>
      </trkpt>
      <trkpt lat="30.34507684" lon="76.43829979">
        <ele>202.35</ele>
        <time>2025-02-12T12:35:55Z</time>
        <extensions>
          <geotracker:meta c="3.95" s="16.38" />
        </extensions>
      </trkpt>
      <trkpt lat="30.34497176" lon="76.43818042">
        <ele>202.2</ele>
        <time>2025-02-12T12:35:56Z</time>
        <extensions>
          <geotracker:meta c="3.89" s="16.25" />
        </extensions>
      </trkpt>
      <trkpt lat="30.34485429" lon="76.4380747">
        <ele>202.36</ele>
        <time>2025-02-12T12:35:57Z</time>
        <extensions>
          <geotracker:meta c="3.78" s="16.56" />
        </extensions>
      </trkpt>
      <trkpt lat="30.34473112" lon="76.43797288">
        <ele>202.17</ele>
        <time>2025-02-12T12:35:58Z</time>
        <extensions>
          <geotracker:meta c="3.73" s="17.06" />
        </extensions>
      </trkpt>
      <trkpt lat="30.344598" lon="76.43788314">
        <ele>201.89</ele>
        <time>2025-02-12T12:35:59Z</time>
        <extensions>
          <geotracker:meta c="3.65" s="17.18" />
        </extensions>
      </trkpt>
      <trkpt lat="30.34446094" lon="76.43779946">
        <ele>201.81</ele>
        <time>2025-02-12T12:36:00Z</time>
        <extensions>
          <geotracker:meta c="3.58" s="17.22" />
        </extensions>
      </trkpt>
      <trkpt lat="30.34431866" lon="76.43772762">
        <ele>202.04</ele>
        <time>2025-02-12T12:36:01Z</time>
        <extensions>
          <geotracker:meta c="3.55" s="17.35" />
        </extensions>
      </trkpt>
      <trkpt lat="30.34417156" lon="76.43767575">
        <ele>202.05</ele>
        <time>2025-02-12T12:36:02Z</time>
        <extensions>
          <geotracker:meta c="3.43" s="17.04" />
        </extensions>
      </trkpt>
      <trkpt lat="30.34402738" lon="76.43763647">
        <ele>202.18</ele>
        <time>2025-02-12T12:36:03Z</time>
        <extensions>
          <geotracker:meta c="3.34" s="16.61" />
        </extensions>
      </trkpt>
      <trkpt lat="30.34388209" lon="76.43761004">
        <ele>202.11</ele>
        <time>2025-02-12T12:36:04Z</time>
        <extensions>
          <geotracker:meta c="3.26" s="16.04" />
        </extensions>
      </trkpt>
      <trkpt lat="30.34374149" lon="76.43759414">
        <ele>202.25</ele>
        <time>2025-02-12T12:36:05Z</time>
        <extensions>
          <geotracker:meta c="3.21" s="15.53" />
        </extensions>
      </trkpt>
      <trkpt lat="30.34359851" lon="76.43758598">
        <ele>202.26</ele>
        <time>2025-02-12T12:36:06Z</time>
        <extensions>
          <geotracker:meta c="3.17" s="15.72" />
        </extensions>
      </trkpt>
      <trkpt lat="30.3434565" lon="76.43758609">
        <ele>202.57</ele>
        <time>2025-02-12T12:36:07Z</time>
        <extensions>
          <geotracker:meta c="3.13" s="15.5" />
        </extensions>
      </trkpt>
      <trkpt lat="30.3433272" lon="76.43759376">
        <ele>202.92</ele>
        <time>2025-02-12T12:36:08Z</time>
        <extensions>
          <geotracker:meta c="3.04" s="13.92" />
        </extensions>
      </trkpt>
      <trkpt lat="30.34321927" lon="76.43760654">
        <ele>203.16</ele>
        <time>2025-02-12T12:36:09Z</time>
        <extensions>
          <geotracker:meta c="3.01" s="11.17" />
        </extensions>
      </trkpt>
      <trkpt lat="30.34308209" lon="76.43763386">
        <ele>203.29</ele>
        <time>2025-02-12T12:36:11Z</time>
        <extensions>
          <geotracker:meta c="2.86" s="5.03" />
        </extensions>
      </trkpt>
      <trkpt lat="30.34298403" lon="76.43763973">
        <ele>203.31</ele>
        <time>2025-02-12T12:36:14Z</time>
        <extensions>
          <geotracker:meta c="3.43" s="2.73" />
        </extensions>
      </trkpt>
      <trkpt lat="30.34294147" lon="76.43754664">
        <ele>203.79</ele>
        <time>2025-02-12T12:36:17Z</time>
        <extensions>
          <geotracker:meta c="4.59" s="4.02" />
        </extensions>
      </trkpt>
      <trkpt lat="30.34296722" lon="76.4374366">
        <ele>203.7</ele>
        <time>2025-02-12T12:36:19Z</time>
        <extensions>
          <geotracker:meta c="5.24" s="5.8" />
        </extensions>
      </trkpt>
      <trkpt lat="30.34303573" lon="76.43734433">
        <ele>203.63</ele>
        <time>2025-02-12T12:36:21Z</time>
        <extensions>
          <geotracker:meta c="5.02" s="5.98" />
        </extensions>
      </trkpt>
      <trkpt lat="30.34313999" lon="76.437247">
        <ele>203.41</ele>
        <time>2025-02-12T12:36:23Z</time>
        <extensions>
          <geotracker:meta c="5.63" s="7.78" />
        </extensions>
      </trkpt>
      <trkpt lat="30.34324538" lon="76.43714971">
        <ele>203.28</ele>
        <time>2025-02-12T12:36:25Z</time>
        <extensions>
          <geotracker:meta c="5.66" s="7.3" />
        </extensions>
      </trkpt>
      <trkpt lat="30.34335404" lon="76.43706712">
        <ele>203.03</ele>
        <time>2025-02-12T12:36:27Z</time>
        <extensions>
          <geotracker:meta c="5.63" s="7.21" />
        </extensions>
      </trkpt>
      <trkpt lat="30.34345201" lon="76.43697468">
        <ele>202.83</ele>
        <time>2025-02-12T12:36:29Z</time>
        <extensions>
          <geotracker:meta c="5.61" s="6.57" />
        </extensions>
      </trkpt>
      <trkpt lat="30.34353427" lon="76.43690285">
        <ele>202.53</ele>
        <time>2025-02-12T12:36:31Z</time>
        <extensions>
          <geotracker:meta c="5.58" s="5.31" />
        </extensions>
      </trkpt>
      <trkpt lat="30.34360599" lon="76.43682073">
        <ele>202.43</ele>
        <time>2025-02-12T12:36:34Z</time>
        <extensions>
          <geotracker:meta c="5.41" s="3.11" />
        </extensions>
      </trkpt>
      <trkpt lat="30.34367658" lon="76.43670986">
        <ele>202.39</ele>
        <time>2025-02-12T12:36:37Z</time>
        <extensions>
          <geotracker:meta c="5.28" s="4.79" />
        </extensions>
      </trkpt>
      <trkpt lat="30.3437234" lon="76.43662004">
        <ele>202.86</ele>
        <time>2025-02-12T12:36:39Z</time>
        <extensions>
          <geotracker:meta c="5.24" s="5.14" />
        </extensions>
      </trkpt>
      <trkpt lat="30.34376014" lon="76.43650288">
        <ele>202.54</ele>
        <time>2025-02-12T12:36:42Z</time>
        <extensions>
          <geotracker:meta c="4.76" s="3.75" />
        </extensions>
      </trkpt>
      <trkpt lat="30.34373539" lon="76.43635664">
        <ele>202.7</ele>
        <time>2025-02-12T12:36:45Z</time>
        <extensions>
          <geotracker:meta c="4.11" s="4.88" />
        </extensions>
      </trkpt>
      <trkpt lat="30.3436836" lon="76.4362632">
        <ele>202.41</ele>
        <time>2025-02-12T12:36:47Z</time>
        <extensions>
          <geotracker:meta c="3.97" s="5.74" />
        </extensions>
      </trkpt>
      <trkpt lat="30.34359883" lon="76.43614061">
        <ele>202.32</ele>
        <time>2025-02-12T12:36:49Z</time>
        <extensions>
          <geotracker:meta c="3.99" s="7.93" />
        </extensions>
      </trkpt>
      <trkpt lat="30.34349919" lon="76.43599817">
        <ele>201.84</ele>
        <time>2025-02-12T12:36:51Z</time>
        <extensions>
          <geotracker:meta c="3.98" s="9.21" />
        </extensions>
      </trkpt>
      <trkpt lat="30.34343988" lon="76.43591771">
        <ele>201.54</ele>
        <time>2025-02-12T12:36:52Z</time>
        <extensions>
          <geotracker:meta c="3.98" s="9.94" />
        </extensions>
      </trkpt>
      <trkpt lat="30.34337365" lon="76.43583232">
        <ele>201.27</ele>
        <time>2025-02-12T12:36:53Z</time>
        <extensions>
          <geotracker:meta c="3.97" s="10.95" />
        </extensions>
      </trkpt>
      <trkpt lat="30.34330073" lon="76.43574024">
        <ele>201.09</ele>
        <time>2025-02-12T12:36:54Z</time>
        <extensions>
          <geotracker:meta c="4.04" s="11.83" />
        </extensions>
      </trkpt>
      <trkpt lat="30.34322808" lon="76.43564826">
        <ele>201.04</ele>
        <time>2025-02-12T12:36:55Z</time>
        <extensions>
          <geotracker:meta c="4.06" s="11.94" />
        </extensions>
      </trkpt>
      <trkpt lat="30.34316126" lon="76.4355604">
        <ele>201.03</ele>
        <time>2025-02-12T12:36:56Z</time>
        <extensions>
          <geotracker:meta c="4.13" s="11.1" />
        </extensions>
      </trkpt>
      <trkpt lat="30.34304708" lon="76.43540753">
        <ele>200.91</ele>
        <time>2025-02-12T12:36:58Z</time>
        <extensions>
          <geotracker:meta c="4.16" s="9.48" />
        </extensions>
      </trkpt>
      <trkpt lat="30.34298982" lon="76.43532541">
        <ele>200.87</ele>
        <time>2025-02-12T12:36:59Z</time>
        <extensions>
          <geotracker:meta c="4.16" s="10.03" />
        </extensions>
      </trkpt>
      <trkpt lat="30.34288164" lon="76.43518492">
        <ele>200.79</ele>
        <time>2025-02-12T12:37:01Z</time>
        <extensions>
          <geotracker:meta c="4.15" s="8.34" />
        </extensions>
      </trkpt>
      <trkpt lat="30.34278422" lon="76.43506051">
        <ele>200.67</ele>
        <time>2025-02-12T12:37:03Z</time>
        <extensions>
          <geotracker:meta c="3.98" s="8.23" />
        </extensions>
      </trkpt>
      <trkpt lat="30.34269561" lon="76.43494569">
        <ele>200.54</ele>
        <time>2025-02-12T12:37:05Z</time>
        <extensions>
          <geotracker:meta c="3.99" s="6.53" />
        </extensions>
      </trkpt>
      <trkpt lat="30.34261625" lon="76.43484933">
        <ele>200.14</ele>
        <time>2025-02-12T12:37:07Z</time>
        <extensions>
          <geotracker:meta c="3.96" s="6.41" />
        </extensions>
      </trkpt>
      <trkpt lat="30.3425331" lon="76.4347425">
        <ele>201.07</ele>
        <time>2025-02-12T12:37:09Z</time>
        <extensions>
          <geotracker:meta c="3.99" s="7.45" />
        </extensions>
      </trkpt>
      <trkpt lat="30.34245201" lon="76.43463288">
        <ele>201</ele>
        <time>2025-02-12T12:37:11Z</time>
        <extensions>
          <geotracker:meta c="3.99" s="5.5" />
        </extensions>
      </trkpt>
      <trkpt lat="30.34237934" lon="76.43454508">
        <ele>201.41</ele>
        <time>2025-02-12T12:37:16Z</time>
        <extensions>
          <geotracker:meta c="4.04" s="3.17" />
        </extensions>
      </trkpt>
      <trkpt lat="30.34230185" lon="76.43444609">
        <ele>202.03</ele>
        <time>2025-02-12T12:37:19Z</time>
        <extensions>
          <geotracker:meta c="3.98" s="4.88" />
        </extensions>
      </trkpt>
      <trkpt lat="30.34224099" lon="76.43436063">
        <ele>202.22</ele>
        <time>2025-02-12T12:37:26Z</time>
        <extensions>
          <geotracker:meta c="3.94" s="2.18" />
        </extensions>
      </trkpt>
      <trkpt lat="30.34217409" lon="76.43428278">
        <ele>202.2</ele>
        <time>2025-02-12T12:37:31Z</time>
        <extensions>
          <geotracker:meta c="3.78" s="1.48" />
        </extensions>
      </trkpt>
      <trkpt lat="30.34212001" lon="76.43417407">
        <ele>202.34</ele>
        <time>2025-02-12T12:37:37Z</time>
        <extensions>
          <geotracker:meta c="4.41" s="3.73" />
        </extensions>
      </trkpt>
      <trkpt lat="30.34206001" lon="76.43408627">
        <ele>202.72</ele>
        <time>2025-02-12T12:37:40Z</time>
        <extensions>
          <geotracker:meta c="4.34" s="3.7" />
        </extensions>
      </trkpt>
      <trkpt lat="30.34198382" lon="76.43398568">
        <ele>202.93</ele>
        <time>2025-02-12T12:37:43Z</time>
        <extensions>
          <geotracker:meta c="4.28" s="4.81" />
        </extensions>
      </trkpt>
      <trkpt lat="30.34189685" lon="76.43390382">
        <ele>202.91</ele>
        <time>2025-02-12T12:37:45Z</time>
        <extensions>
          <geotracker:meta c="4.28" s="6.32" />
        </extensions>
      </trkpt>
      <trkpt lat="30.34179506" lon="76.43377948">
        <ele>202.76</ele>
        <time>2025-02-12T12:37:47Z</time>
        <extensions>
          <geotracker:meta c="4.12" s="8.14" />
        </extensions>
      </trkpt>
      <trkpt lat="30.34169426" lon="76.43365388">
        <ele>202.77</ele>
        <time>2025-02-12T12:37:49Z</time>
        <extensions>
          <geotracker:meta c="4.02" s="8.46" />
        </extensions>
      </trkpt>
      <trkpt lat="30.3415916" lon="76.43352544">
        <ele>202.57</ele>
        <time>2025-02-12T12:37:51Z</time>
        <extensions>
          <geotracker:meta c="4.14" s="8.43" />
        </extensions>
      </trkpt>
      <trkpt lat="30.34148082" lon="76.43338745">
        <ele>202.32</ele>
        <time>2025-02-12T12:37:53Z</time>
        <extensions>
          <geotracker:meta c="4.21" s="8.8" />
        </extensions>
      </trkpt>
      <trkpt lat="30.34135894" lon="76.43322857">
        <ele>202.49</ele>
        <time>2025-02-12T12:37:55Z</time>
        <extensions>
          <geotracker:meta c="4.01" s="10.93" />
        </extensions>
      </trkpt>
      <trkpt lat="30.341291" lon="76.43314928">
        <ele>202.34</ele>
        <time>2025-02-12T12:37:56Z</time>
        <extensions>
          <geotracker:meta c="3.93" s="11.28" />
        </extensions>
      </trkpt>
      <trkpt lat="30.34122524" lon="76.43307764">
        <ele>202.42</ele>
        <time>2025-02-12T12:37:57Z</time>
        <extensions>
          <geotracker:meta c="3.89" s="9.74" />
        </extensions>
      </trkpt>
      <trkpt lat="30.34110208" lon="76.43294772">
        <ele>202.39</ele>
        <time>2025-02-12T12:37:59Z</time>
        <extensions>
          <geotracker:meta c="3.9" s="8.56" />
        </extensions>
      </trkpt>
      <trkpt lat="30.34100842" lon="76.43282804">
        <ele>202.11</ele>
        <time>2025-02-12T12:38:01Z</time>
        <extensions>
          <geotracker:meta c="4.06" s="7.63" />
        </extensions>
      </trkpt>
      <trkpt lat="30.34093322" lon="76.43272198">
        <ele>202.13</ele>
        <time>2025-02-12T12:38:03Z</time>
        <extensions>
          <geotracker:meta c="4.01" s="6.1" />
        </extensions>
      </trkpt>
      <trkpt lat="30.34085501" lon="76.43263496">
        <ele>202.16</ele>
        <time>2025-02-12T12:38:06Z</time>
        <extensions>
          <geotracker:meta c="3.87" s="3.47" />
        </extensions>
      </trkpt>
      <trkpt lat="30.34076655" lon="76.43253613">
        <ele>202.31</ele>
        <time>2025-02-12T12:38:09Z</time>
        <extensions>
          <geotracker:meta c="3.96" s="6.34" />
        </extensions>
      </trkpt>
      <trkpt lat="30.34067226" lon="76.43241098">
        <ele>202.39</ele>
        <time>2025-02-12T12:38:11Z</time>
        <extensions>
          <geotracker:meta c="4.06" s="9.48" />
        </extensions>
      </trkpt>
      <trkpt lat="30.3405668" lon="76.43224192">
        <ele>202.23</ele>
        <time>2025-02-12T12:38:13Z</time>
        <extensions>
          <geotracker:meta c="4.08" s="10.72" />
        </extensions>
      </trkpt>
      <trkpt lat="30.34050167" lon="76.43214973">
        <ele>202.06</ele>
        <time>2025-02-12T12:38:14Z</time>
        <extensions>
          <geotracker:meta c="4.01" s="11.94" />
        </extensions>
      </trkpt>
      <trkpt lat="30.34042983" lon="76.43205233">
        <ele>202.11</ele>
        <time>2025-02-12T12:38:15Z</time>
        <extensions>
          <geotracker:meta c="3.99" s="12.74" />
        </extensions>
      </trkpt>
      <trkpt lat="30.34035456" lon="76.43195048">
        <ele>202.67</ele>
        <time>2025-02-12T12:38:16Z</time>
        <extensions>
          <geotracker:meta c="4" s="12.78" />
        </extensions>
      </trkpt>
      <trkpt lat="30.3402752" lon="76.43184966">
        <ele>202.68</ele>
        <time>2025-02-12T12:38:17Z</time>
        <extensions>
          <geotracker:meta c="3.97" s="12.92" />
        </extensions>
      </trkpt>
      <trkpt lat="30.3401959" lon="76.43174765">
        <ele>202.68</ele>
        <time>2025-02-12T12:38:18Z</time>
        <extensions>
          <geotracker:meta c="3.99" s="13.31" />
        </extensions>
      </trkpt>
      <trkpt lat="30.34011534" lon="76.43164132">
        <ele>202.69</ele>
        <time>2025-02-12T12:38:19Z</time>
        <extensions>
          <geotracker:meta c="3.99" s="13.63" />
        </extensions>
      </trkpt>
      <trkpt lat="30.34003602" lon="76.43153792">
        <ele>202.75</ele>
        <time>2025-02-12T12:38:20Z</time>
        <extensions>
          <geotracker:meta c="3.98" s="13.16" />
        </extensions>
      </trkpt>
      <trkpt lat="30.33995971" lon="76.43144049">
        <ele>202.65</ele>
        <time>2025-02-12T12:38:21Z</time>
        <extensions>
          <geotracker:meta c="3.97" s="12.58" />
        </extensions>
      </trkpt>
      <trkpt lat="30.33988206" lon="76.43133502">
        <ele>202.51</ele>
        <time>2025-02-12T12:38:22Z</time>
        <extensions>
          <geotracker:meta c="4.01" s="13.43" />
        </extensions>
      </trkpt>
      <trkpt lat="30.33980346" lon="76.43122961">
        <ele>203.04</ele>
        <time>2025-02-12T12:38:23Z</time>
        <extensions>
          <geotracker:meta c="4.02" s="13.51" />
        </extensions>
      </trkpt>
      <trkpt lat="30.33972612" lon="76.43112765">
        <ele>202.92</ele>
        <time>2025-02-12T12:38:24Z</time>
        <extensions>
          <geotracker:meta c="3.99" s="13.16" />
        </extensions>
      </trkpt>
      <trkpt lat="30.33964122" lon="76.43101722">
        <ele>203.08</ele>
        <time>2025-02-12T12:38:25Z</time>
        <extensions>
          <geotracker:meta c="3.99" s="14.12" />
        </extensions>
      </trkpt>
      <trkpt lat="30.33955205" lon="76.43090683">
        <ele>203.16</ele>
        <time>2025-02-12T12:38:26Z</time>
        <extensions>
          <geotracker:meta c="3.97" s="14.49" />
        </extensions>
      </trkpt>
      <trkpt lat="30.33945953" lon="76.43079055">
        <ele>203.32</ele>
        <time>2025-02-12T12:38:27Z</time>
        <extensions>
          <geotracker:meta c="3.73" s="15.13" />
        </extensions>
      </trkpt>
      <trkpt lat="30.33936389" lon="76.4306706">
        <ele>203.3</ele>
        <time>2025-02-12T12:38:28Z</time>
        <extensions>
          <geotracker:meta c="3.72" s="15.75" />
        </extensions>
      </trkpt>
      <trkpt lat="30.33926616" lon="76.43054293">
        <ele>203.27</ele>
        <time>2025-02-12T12:38:29Z</time>
        <extensions>
          <geotracker:meta c="3.75" s="16.4" />
        </extensions>
      </trkpt>
      <trkpt lat="30.33916226" lon="76.43041537">
        <ele>203.17</ele>
        <time>2025-02-12T12:38:30Z</time>
        <extensions>
          <geotracker:meta c="3.77" s="17.09" />
        </extensions>
      </trkpt>
      <trkpt lat="30.33905354" lon="76.43027937">
        <ele>203.09</ele>
        <time>2025-02-12T12:38:31Z</time>
        <extensions>
          <geotracker:meta c="3.84" s="17.54" />
        </extensions>
      </trkpt>
      <trkpt lat="30.33894475" lon="76.43014489">
        <ele>202.85</ele>
        <time>2025-02-12T12:38:32Z</time>
        <extensions>
          <geotracker:meta c="3.75" s="17.57" />
        </extensions>
      </trkpt>
      <trkpt lat="30.33883481" lon="76.4300039">
        <ele>202.51</ele>
        <time>2025-02-12T12:38:33Z</time>
        <extensions>
          <geotracker:meta c="3.95" s="17.79" />
        </extensions>
      </trkpt>
      <trkpt lat="30.33872072" lon="76.4298669">
        <ele>202.96</ele>
        <time>2025-02-12T12:38:34Z</time>
        <extensions>
          <geotracker:meta c="3.96" s="17.96" />
        </extensions>
      </trkpt>
      <trkpt lat="30.33861196" lon="76.42972343">
        <ele>202.84</ele>
        <time>2025-02-12T12:38:35Z</time>
        <extensions>
          <geotracker:meta c="3.99" s="18.33" />
        </extensions>
      </trkpt>
      <trkpt lat="30.33850848" lon="76.42957616">
        <ele>202.72</ele>
        <time>2025-02-12T12:38:36Z</time>
        <extensions>
          <geotracker:meta c="4.03" s="18.29" />
        </extensions>
      </trkpt>
      <trkpt lat="30.33841199" lon="76.4294378">
        <ele>202.7</ele>
        <time>2025-02-12T12:38:37Z</time>
        <extensions>
          <geotracker:meta c="4.05" s="16.67" />
        </extensions>
      </trkpt>
      <trkpt lat="30.33832863" lon="76.42931497">
        <ele>202.75</ele>
        <time>2025-02-12T12:38:38Z</time>
        <extensions>
          <geotracker:meta c="4.06" s="14.03" />
        </extensions>
      </trkpt>
      <trkpt lat="30.33825533" lon="76.42920595">
        <ele>202.74</ele>
        <time>2025-02-12T12:38:39Z</time>
        <extensions>
          <geotracker:meta c="4.08" s="13.06" />
        </extensions>
      </trkpt>
      <trkpt lat="30.33819522" lon="76.42910064">
        <ele>202.63</ele>
        <time>2025-02-12T12:38:40Z</time>
        <extensions>
          <geotracker:meta c="4.13" s="11.69" />
        </extensions>
      </trkpt>
      <trkpt lat="30.33812971" lon="76.42899358">
        <ele>202.51</ele>
        <time>2025-02-12T12:38:41Z</time>
        <extensions>
          <geotracker:meta c="4.14" s="12.52" />
        </extensions>
      </trkpt>
      <trkpt lat="30.33806184" lon="76.4288817">
        <ele>202.61</ele>
        <time>2025-02-12T12:38:42Z</time>
        <extensions>
          <geotracker:meta c="4.1" s="13.44" />
        </extensions>
      </trkpt>
      <trkpt lat="30.33798587" lon="76.42876783">
        <ele>202.59</ele>
        <time>2025-02-12T12:38:43Z</time>
        <extensions>
          <geotracker:meta c="4.04" s="14.07" />
        </extensions>
      </trkpt>
      <trkpt lat="30.3379048" lon="76.42865156">
        <ele>202.45</ele>
        <time>2025-02-12T12:38:44Z</time>
        <extensions>
          <geotracker:meta c="4.02" s="14.65" />
        </extensions>
      </trkpt>
      <trkpt lat="30.33782063" lon="76.4285296">
        <ele>202.37</ele>
        <time>2025-02-12T12:38:45Z</time>
        <extensions>
          <geotracker:meta c="4.04" s="15.39" />
        </extensions>
      </trkpt>
      <trkpt lat="30.33773509" lon="76.42839976">
        <ele>202.47</ele>
        <time>2025-02-12T12:38:46Z</time>
        <extensions>
          <geotracker:meta c="4.07" s="16.02" />
        </extensions>
      </trkpt>
      <trkpt lat="30.3376461" lon="76.42826315">
        <ele>202.13</ele>
        <time>2025-02-12T12:38:47Z</time>
        <extensions>
          <geotracker:meta c="4.06" s="16.75" />
        </extensions>
      </trkpt>
      <trkpt lat="30.33755618" lon="76.42812162">
        <ele>202.12</ele>
        <time>2025-02-12T12:38:48Z</time>
        <extensions>
          <geotracker:meta c="4.08" s="16.92" />
        </extensions>
      </trkpt>
      <trkpt lat="30.33746129" lon="76.42797537">
        <ele>202.06</ele>
        <time>2025-02-12T12:38:49Z</time>
        <extensions>
          <geotracker:meta c="3.93" s="17.44" />
        </extensions>
      </trkpt>
      <trkpt lat="30.33736369" lon="76.42782425">
        <ele>202.05</ele>
        <time>2025-02-12T12:38:50Z</time>
        <extensions>
          <geotracker:meta c="3.94" s="17.81" />
        </extensions>
      </trkpt>
      <trkpt lat="30.33727062" lon="76.42767104">
        <ele>202.08</ele>
        <time>2025-02-12T12:38:51Z</time>
        <extensions>
          <geotracker:meta c="4" s="17.96" />
        </extensions>
      </trkpt>
      <trkpt lat="30.33717884" lon="76.42751905">
        <ele>201.78</ele>
        <time>2025-02-12T12:38:52Z</time>
        <extensions>
          <geotracker:meta c="4.08" s="17.95" />
        </extensions>
      </trkpt>
      <trkpt lat="30.33708801" lon="76.4273724">
        <ele>201.7</ele>
        <time>2025-02-12T12:38:53Z</time>
        <extensions>
          <geotracker:meta c="3.97" s="17.18" />
        </extensions>
      </trkpt>
      <trkpt lat="30.33700678" lon="76.42723993">
        <ele>201.63</ele>
        <time>2025-02-12T12:38:54Z</time>
        <extensions>
          <geotracker:meta c="3.96" s="15.64" />
        </extensions>
      </trkpt>
      <trkpt lat="30.33693656" lon="76.42713171">
        <ele>201.69</ele>
        <time>2025-02-12T12:38:55Z</time>
        <extensions>
          <geotracker:meta c="3.86" s="13.03" />
        </extensions>
      </trkpt>
      <trkpt lat="30.3368432" lon="76.42698726">
        <ele>201.85</ele>
        <time>2025-02-12T12:38:57Z</time>
        <extensions>
          <geotracker:meta c="3.83" s="7.61" />
        </extensions>
      </trkpt>
      <trkpt lat="30.33678018" lon="76.42688437">
        <ele>201.65</ele>
        <time>2025-02-12T12:38:59Z</time>
        <extensions>
          <geotracker:meta c="3.85" s="5.91" />
        </extensions>
      </trkpt>
      <trkpt lat="30.33670942" lon="76.42677652">
        <ele>201.93</ele>
        <time>2025-02-12T12:39:01Z</time>
        <extensions>
          <geotracker:meta c="3.86" s="6.54" />
        </extensions>
      </trkpt>
      <trkpt lat="30.33662905" lon="76.42663601">
        <ele>201.79</ele>
        <time>2025-02-12T12:39:03Z</time>
        <extensions>
          <geotracker:meta c="4.26" s="8.34" />
        </extensions>
      </trkpt>
      <trkpt lat="30.33651732" lon="76.42648303">
        <ele>201.89</ele>
        <time>2025-02-12T12:39:05Z</time>
        <extensions>
          <geotracker:meta c="3.65" s="9.97" />
        </extensions>
      </trkpt>
      <trkpt lat="30.3364544" lon="76.42639947">
        <ele>201.99</ele>
        <time>2025-02-12T12:39:06Z</time>
        <extensions>
          <geotracker:meta c="3.65" s="10.32" />
        </extensions>
      </trkpt>
      <trkpt lat="30.33638858" lon="76.4263045">
        <ele>202.16</ele>
        <time>2025-02-12T12:39:07Z</time>
        <extensions>
          <geotracker:meta c="3.8" s="11.25" />
        </extensions>
      </trkpt>
      <trkpt lat="30.33632605" lon="76.42621214">
        <ele>202.27</ele>
        <time>2025-02-12T12:39:08Z</time>
        <extensions>
          <geotracker:meta c="4.03" s="11.29" />
        </extensions>
      </trkpt>
      <trkpt lat="30.33626607" lon="76.42612305">
        <ele>202.29</ele>
        <time>2025-02-12T12:39:09Z</time>
        <extensions>
          <geotracker:meta c="4.04" s="10.96" />
        </extensions>
      </trkpt>
      <trkpt lat="30.3362049" lon="76.42603026">
        <ele>202.45</ele>
        <time>2025-02-12T12:39:10Z</time>
        <extensions>
          <geotracker:meta c="4.16" s="11.11" />
        </extensions>
      </trkpt>
      <trkpt lat="30.33614797" lon="76.42594325">
        <ele>202.71</ele>
        <time>2025-02-12T12:39:11Z</time>
        <extensions>
          <geotracker:meta c="4.09" s="10.45" />
        </extensions>
      </trkpt>
      <trkpt lat="30.33606245" lon="76.42579488">
        <ele>202.59</ele>
        <time>2025-02-12T12:39:13Z</time>
        <extensions>
          <geotracker:meta c="3.83" s="8.02" />
        </extensions>
      </trkpt>
      <trkpt lat="30.33597781" lon="76.4256558">
        <ele>202.57</ele>
        <time>2025-02-12T12:39:15Z</time>
        <extensions>
          <geotracker:meta c="3.46" s="7.42" />
        </extensions>
      </trkpt>
      <trkpt lat="30.33592439" lon="76.42555346">
        <ele>202.96</ele>
        <time>2025-02-12T12:39:17Z</time>
        <extensions>
          <geotracker:meta c="4.28" s="5.57" />
        </extensions>
      </trkpt>
      <trkpt lat="30.3358746" lon="76.42546596">
        <ele>202.74</ele>
        <time>2025-02-12T12:39:19Z</time>
        <extensions>
          <geotracker:meta c="4.16" s="5.08" />
        </extensions>
      </trkpt>
      <trkpt lat="30.33582279" lon="76.42537478">
        <ele>202.43</ele>
        <time>2025-02-12T12:39:21Z</time>
        <extensions>
          <geotracker:meta c="3.92" s="5.27" />
        </extensions>
      </trkpt>
      <trkpt lat="30.33576639" lon="76.42527194">
        <ele>202.39</ele>
        <time>2025-02-12T12:39:23Z</time>
        <extensions>
          <geotracker:meta c="3.9" s="5.87" />
        </extensions>
      </trkpt>
      <trkpt lat="30.33570132" lon="76.4251345">
        <ele>202.34</ele>
        <time>2025-02-12T12:39:25Z</time>
        <extensions>
          <geotracker:meta c="4.03" s="7.77" />
        </extensions>
      </trkpt>
      <trkpt lat="30.33562219" lon="76.42497079">
        <ele>201.83</ele>
        <time>2025-02-12T12:39:27Z</time>
        <extensions>
          <geotracker:meta c="4.11" s="8.96" />
        </extensions>
      </trkpt>
      <trkpt lat="30.33552823" lon="76.42479204">
        <ele>201.47</ele>
        <time>2025-02-12T12:39:29Z</time>
        <extensions>
          <geotracker:meta c="4.1" s="10.31" />
        </extensions>
      </trkpt>
      <trkpt lat="30.33548136" lon="76.42469935">
        <ele>201.23</ele>
        <time>2025-02-12T12:39:30Z</time>
        <extensions>
          <geotracker:meta c="4.16" s="10.17" />
        </extensions>
      </trkpt>
      <trkpt lat="30.33540176" lon="76.42453239">
        <ele>200.76</ele>
        <time>2025-02-12T12:39:32Z</time>
        <extensions>
          <geotracker:meta c="4.22" s="8.97" />
        </extensions>
      </trkpt>
      <trkpt lat="30.33534051" lon="76.42440487">
        <ele>200.05</ele>
        <time>2025-02-12T12:39:34Z</time>
        <extensions>
          <geotracker:meta c="4.17" s="6.42" />
        </extensions>
      </trkpt>
      <trkpt lat="30.33529723" lon="76.4243054">
        <ele>199.73</ele>
        <time>2025-02-12T12:39:36Z</time>
        <extensions>
          <geotracker:meta c="4.15" s="5.34" />
        </extensions>
      </trkpt>
      <trkpt lat="30.33525032" lon="76.42421345">
        <ele>199.42</ele>
        <time>2025-02-12T12:39:38Z</time>
        <extensions>
          <geotracker:meta c="4.14" s="5.44" />
        </extensions>
      </trkpt>
      <trkpt lat="30.33520355" lon="76.4241214">
        <ele>198.96</ele>
        <time>2025-02-12T12:39:40Z</time>
        <extensions>
          <geotracker:meta c="4.11" s="5.27" />
        </extensions>
      </trkpt>
      <trkpt lat="30.33513428" lon="76.42399776">
        <ele>198.77</ele>
        <time>2025-02-12T12:39:43Z</time>
        <extensions>
          <geotracker:meta c="4.03" s="4.49" />
        </extensions>
      </trkpt>
      <trkpt lat="30.33506046" lon="76.4238881">
        <ele>199.28</ele>
        <time>2025-02-12T12:39:46Z</time>
        <extensions>
          <geotracker:meta c="4.1" s="4.34" />
        </extensions>
      </trkpt>
      <trkpt lat="30.33500746" lon="76.4237987">
        <ele>200.11</ele>
        <time>2025-02-12T12:40:53Z</time>
        <extensions>
          <geotracker:meta c="3.83" s="1.91" />
        </extensions>
      </trkpt>
      <trkpt lat="30.33494733" lon="76.42370211">
        <ele>200.27</ele>
        <time>2025-02-12T12:40:57Z</time>
        <extensions>
          <geotracker:meta c="4.02" s="4.61" />
        </extensions>
      </trkpt>
      <trkpt lat="30.33488223" lon="76.42358205">
        <ele>200.31</ele>
        <time>2025-02-12T12:40:59Z</time>
        <extensions>
          <geotracker:meta c="4.06" s="6.81" />
        </extensions>
      </trkpt>
      <trkpt lat="30.33480068" lon="76.42343148">
        <ele>200.28</ele>
        <time>2025-02-12T12:41:01Z</time>
        <extensions>
          <geotracker:meta c="4.2" s="8.83" />
        </extensions>
      </trkpt>
      <trkpt lat="30.33469324" lon="76.423263">
        <ele>200.41</ele>
        <time>2025-02-12T12:41:03Z</time>
        <extensions>
          <geotracker:meta c="4.32" s="10.03" />
        </extensions>
      </trkpt>
      <trkpt lat="30.33463215" lon="76.42317227">
        <ele>200.41</ele>
        <time>2025-02-12T12:41:04Z</time>
        <extensions>
          <geotracker:meta c="4.05" s="10.92" />
        </extensions>
      </trkpt>
      <trkpt lat="30.33456244" lon="76.42307307">
        <ele>200.43</ele>
        <time>2025-02-12T12:41:05Z</time>
        <extensions>
          <geotracker:meta c="4.15" s="11.91" />
        </extensions>
      </trkpt>
      <trkpt lat="30.33449213" lon="76.42295997">
        <ele>200.14</ele>
        <time>2025-02-12T12:41:06Z</time>
        <extensions>
          <geotracker:meta c="4.11" s="13.04" />
        </extensions>
      </trkpt>
      <trkpt lat="30.334415" lon="76.42284543">
        <ele>200.22</ele>
        <time>2025-02-12T12:41:07Z</time>
        <extensions>
          <geotracker:meta c="4.04" s="13.6" />
        </extensions>
      </trkpt>
      <trkpt lat="30.3343411" lon="76.4227271">
        <ele>200.22</ele>
        <time>2025-02-12T12:41:08Z</time>
        <extensions>
          <geotracker:meta c="4.08" s="13.98" />
        </extensions>
      </trkpt>
      <trkpt lat="30.33426183" lon="76.42260049">
        <ele>200.14</ele>
        <time>2025-02-12T12:41:09Z</time>
        <extensions>
          <geotracker:meta c="4.09" s="14.65" />
        </extensions>
      </trkpt>
      <trkpt lat="30.33418272" lon="76.42246869">
        <ele>200.04</ele>
        <time>2025-02-12T12:41:10Z</time>
        <extensions>
          <geotracker:meta c="3.93" s="15.23" />
        </extensions>
      </trkpt>
      <trkpt lat="30.33409798" lon="76.42233122">
        <ele>200.28</ele>
        <time>2025-02-12T12:41:11Z</time>
        <extensions>
          <geotracker:meta c="4.41" s="15.82" />
        </extensions>
      </trkpt>
      <trkpt lat="30.33401602" lon="76.4221942">
        <ele>200.53</ele>
        <time>2025-02-12T12:41:12Z</time>
        <extensions>
          <geotracker:meta c="4.32" s="15.77" />
        </extensions>
      </trkpt>
      <trkpt lat="30.33393404" lon="76.42205776">
        <ele>200.28</ele>
        <time>2025-02-12T12:41:13Z</time>
        <extensions>
          <geotracker:meta c="4.31" s="15.65" />
        </extensions>
      </trkpt>
      <trkpt lat="30.33385166" lon="76.42192328">
        <ele>200.29</ele>
        <time>2025-02-12T12:41:14Z</time>
        <extensions>
          <geotracker:meta c="4.33" s="15.85" />
        </extensions>
      </trkpt>
      <trkpt lat="30.33377489" lon="76.42177923">
        <ele>200.85</ele>
        <time>2025-02-12T12:41:15Z</time>
        <extensions>
          <geotracker:meta c="4.29" s="16.41" />
        </extensions>
      </trkpt>
      <trkpt lat="30.33368627" lon="76.42163695">
        <ele>201.51</ele>
        <time>2025-02-12T12:41:16Z</time>
        <extensions>
          <geotracker:meta c="4.19" s="17.01" />
        </extensions>
      </trkpt>
      <trkpt lat="30.33359451" lon="76.42149103">
        <ele>201.65</ele>
        <time>2025-02-12T12:41:17Z</time>
        <extensions>
          <geotracker:meta c="4.15" s="17.17" />
        </extensions>
      </trkpt>
      <trkpt lat="30.33350626" lon="76.42133931">
        <ele>202.03</ele>
        <time>2025-02-12T12:41:18Z</time>
        <extensions>
          <geotracker:meta c="4.18" s="17.57" />
        </extensions>
      </trkpt>
      <trkpt lat="30.33340942" lon="76.4211886">
        <ele>202.19</ele>
        <time>2025-02-12T12:41:19Z</time>
        <extensions>
          <geotracker:meta c="4.08" s="18.06" />
        </extensions>
      </trkpt>
      <trkpt lat="30.33330885" lon="76.42103456">
        <ele>202.12</ele>
        <time>2025-02-12T12:41:20Z</time>
        <extensions>
          <geotracker:meta c="4.07" s="18.34" />
        </extensions>
      </trkpt>
      <trkpt lat="30.33321478" lon="76.42088392">
        <ele>202.01</ele>
        <time>2025-02-12T12:41:21Z</time>
        <extensions>
          <geotracker:meta c="4.08" s="17.67" />
        </extensions>
      </trkpt>
      <trkpt lat="30.33312077" lon="76.42073876">
        <ele>202.03</ele>
        <time>2025-02-12T12:41:22Z</time>
        <extensions>
          <geotracker:meta c="4.07" s="17.13" />
        </extensions>
      </trkpt>
      <trkpt lat="30.33302669" lon="76.42059131">
        <ele>201.91</ele>
        <time>2025-02-12T12:41:23Z</time>
        <extensions>
          <geotracker:meta c="4.08" s="17.33" />
        </extensions>
      </trkpt>
      <trkpt lat="30.33293879" lon="76.42044458">
        <ele>202.31</ele>
        <time>2025-02-12T12:41:24Z</time>
        <extensions>
          <geotracker:meta c="4.13" s="17.06" />
        </extensions>
      </trkpt>
      <trkpt lat="30.33285629" lon="76.42029571">
        <ele>202.69</ele>
        <time>2025-02-12T12:41:25Z</time>
        <extensions>
          <geotracker:meta c="4.14" s="17.16" />
        </extensions>
      </trkpt>
      <trkpt lat="30.33276493" lon="76.42014726">
        <ele>202.48</ele>
        <time>2025-02-12T12:41:26Z</time>
        <extensions>
          <geotracker:meta c="4.11" s="17.15" />
        </extensions>
      </trkpt>
      <trkpt lat="30.33267793" lon="76.41999908">
        <ele>202.11</ele>
        <time>2025-02-12T12:41:27Z</time>
        <extensions>
          <geotracker:meta c="4.11" s="17.21" />
        </extensions>
      </trkpt>
      <trkpt lat="30.33258937" lon="76.41985098">
        <ele>202.05</ele>
        <time>2025-02-12T12:41:28Z</time>
        <extensions>
          <geotracker:meta c="4.11" s="17.23" />
        </extensions>
      </trkpt>
      <trkpt lat="30.33250075" lon="76.41970818">
        <ele>201.96</ele>
        <time>2025-02-12T12:41:29Z</time>
        <extensions>
          <geotracker:meta c="4.06" s="16.86" />
        </extensions>
      </trkpt>
      <trkpt lat="30.33241632" lon="76.41957097">
        <ele>201.73</ele>
        <time>2025-02-12T12:41:30Z</time>
        <extensions>
          <geotracker:meta c="3.91" s="16.15" />
        </extensions>
      </trkpt>
      <trkpt lat="30.33233535" lon="76.41943834">
        <ele>201.64</ele>
        <time>2025-02-12T12:41:31Z</time>
        <extensions>
          <geotracker:meta c="4.11" s="15.28" />
        </extensions>
      </trkpt>
      <trkpt lat="30.3322592" lon="76.41931035">
        <ele>201.67</ele>
        <time>2025-02-12T12:41:32Z</time>
        <extensions>
          <geotracker:meta c="4.11" s="14.57" />
        </extensions>
      </trkpt>
      <trkpt lat="30.332185" lon="76.41918477">
        <ele>201.84</ele>
        <time>2025-02-12T12:41:33Z</time>
        <extensions>
          <geotracker:meta c="4.11" s="14.33" />
        </extensions>
      </trkpt>
      <trkpt lat="30.33211534" lon="76.4190733">
        <ele>201.8</ele>
        <time>2025-02-12T12:41:34Z</time>
        <extensions>
          <geotracker:meta c="4.11" s="12.79" />
        </extensions>
      </trkpt>
      <trkpt lat="30.33205297" lon="76.41896968">
        <ele>201.84</ele>
        <time>2025-02-12T12:41:35Z</time>
        <extensions>
          <geotracker:meta c="4.09" s="11.28" />
        </extensions>
      </trkpt>
      <trkpt lat="30.3319894" lon="76.41887269">
        <ele>201.87</ele>
        <time>2025-02-12T12:41:36Z</time>
        <extensions>
          <geotracker:meta c="4.1" s="11.37" />
        </extensions>
      </trkpt>
      <trkpt lat="30.33193343" lon="76.41877135">
        <ele>201.84</ele>
        <time>2025-02-12T12:41:37Z</time>
        <extensions>
          <geotracker:meta c="4.1" s="12.04" />
        </extensions>
      </trkpt>
      <trkpt lat="30.33186994" lon="76.41866448">
        <ele>201.64</ele>
        <time>2025-02-12T12:41:38Z</time>
        <extensions>
          <geotracker:meta c="4.27" s="12.51" />
        </extensions>
      </trkpt>
      <trkpt lat="30.33180878" lon="76.41855107">
        <ele>201.65</ele>
        <time>2025-02-12T12:41:39Z</time>
        <extensions>
          <geotracker:meta c="4.46" s="12.66" />
        </extensions>
      </trkpt>
      <trkpt lat="30.33174128" lon="76.41843344">
        <ele>201.6</ele>
        <time>2025-02-12T12:41:40Z</time>
        <extensions>
          <geotracker:meta c="4.4" s="13.39" />
        </extensions>
      </trkpt>
      <trkpt lat="30.33167605" lon="76.41831299">
        <ele>201.33</ele>
        <time>2025-02-12T12:41:41Z</time>
        <extensions>
          <geotracker:meta c="4.2" s="13.85" />
        </extensions>
      </trkpt>
      <trkpt lat="30.33160729" lon="76.41818436">
        <ele>201.19</ele>
        <time>2025-02-12T12:41:42Z</time>
        <extensions>
          <geotracker:meta c="4.11" s="14.42" />
        </extensions>
      </trkpt>
      <trkpt lat="30.33154478" lon="76.41805417">
        <ele>201.21</ele>
        <time>2025-02-12T12:41:43Z</time>
        <extensions>
          <geotracker:meta c="4.18" s="14.29" />
        </extensions>
      </trkpt>
      <trkpt lat="30.33149071" lon="76.41792765">
        <ele>201.08</ele>
        <time>2025-02-12T12:41:44Z</time>
        <extensions>
          <geotracker:meta c="4.28" s="13.64" />
        </extensions>
      </trkpt>
      <trkpt lat="30.33143601" lon="76.4177947">
        <ele>200.89</ele>
        <time>2025-02-12T12:41:45Z</time>
        <extensions>
          <geotracker:meta c="4.28" s="13.91" />
        </extensions>
      </trkpt>
      <trkpt lat="30.33137922" lon="76.41765926">
        <ele>200.87</ele>
        <time>2025-02-12T12:41:46Z</time>
        <extensions>
          <geotracker:meta c="4.36" s="14.35" />
        </extensions>
      </trkpt>
      <trkpt lat="30.33131878" lon="76.41752096">
        <ele>200.67</ele>
        <time>2025-02-12T12:41:47Z</time>
        <extensions>
          <geotracker:meta c="4.3" s="14.87" />
        </extensions>
      </trkpt>
      <trkpt lat="30.33126018" lon="76.41737621">
        <ele>200.63</ele>
        <time>2025-02-12T12:41:48Z</time>
        <extensions>
          <geotracker:meta c="4.36" s="15.36" />
        </extensions>
      </trkpt>
      <trkpt lat="30.33120059" lon="76.41722573">
        <ele>200.65</ele>
        <time>2025-02-12T12:41:49Z</time>
        <extensions>
          <geotracker:meta c="4.28" s="15.83" />
        </extensions>
      </trkpt>
      <trkpt lat="30.33114471" lon="76.41706871">
        <ele>200.58</ele>
        <time>2025-02-12T12:41:50Z</time>
        <extensions>
          <geotracker:meta c="4.18" s="16.13" />
        </extensions>
      </trkpt>
      <trkpt lat="30.33109288" lon="76.41689938">
        <ele>200.58</ele>
        <time>2025-02-12T12:41:51Z</time>
        <extensions>
          <geotracker:meta c="4.35" s="16.87" />
        </extensions>
      </trkpt>
      <trkpt lat="30.3310452" lon="76.41673452">
        <ele>200.61</ele>
        <time>2025-02-12T12:41:52Z</time>
        <extensions>
          <geotracker:meta c="4.46" s="16.67" />
        </extensions>
      </trkpt>
      <trkpt lat="30.33100285" lon="76.41658219">
        <ele>200.41</ele>
        <time>2025-02-12T12:41:53Z</time>
        <extensions>
          <geotracker:meta c="4.45" s="15.23" />
        </extensions>
      </trkpt>
      <trkpt lat="30.33096343" lon="76.41643832">
        <ele>200.69</ele>
        <time>2025-02-12T12:41:54Z</time>
        <extensions>
          <geotracker:meta c="4.42" s="13.99" />
        </extensions>
      </trkpt>
      <trkpt lat="30.3309277" lon="76.41630024">
        <ele>200.7</ele>
        <time>2025-02-12T12:41:55Z</time>
        <extensions>
          <geotracker:meta c="4.44" s="13.73" />
        </extensions>
      </trkpt>
      <trkpt lat="30.33089875" lon="76.41617096">
        <ele>200.64</ele>
        <time>2025-02-12T12:41:56Z</time>
        <extensions>
          <geotracker:meta c="4.45" s="12.46" />
        </extensions>
      </trkpt>
      <trkpt lat="30.33087196" lon="76.4160507">
        <ele>200.65</ele>
        <time>2025-02-12T12:41:57Z</time>
        <extensions>
          <geotracker:meta c="4.48" s="11.86" />
        </extensions>
      </trkpt>
      <trkpt lat="30.33084787" lon="76.4159277">
        <ele>200.39</ele>
        <time>2025-02-12T12:41:58Z</time>
        <extensions>
          <geotracker:meta c="4.5" s="11.98" />
        </extensions>
      </trkpt>
      <trkpt lat="30.33082825" lon="76.4158164">
        <ele>200.27</ele>
        <time>2025-02-12T12:41:59Z</time>
        <extensions>
          <geotracker:meta c="4.5" s="10.19" />
        </extensions>
      </trkpt>
      <trkpt lat="30.3308121" lon="76.41571018">
        <ele>200.2</ele>
        <time>2025-02-12T12:42:00Z</time>
        <extensions>
          <geotracker:meta c="4.55" s="10.39" />
        </extensions>
      </trkpt>
      <trkpt lat="30.33078118" lon="76.41551762">
        <ele>200.22</ele>
        <time>2025-02-12T12:42:02Z</time>
        <extensions>
          <geotracker:meta c="4.47" s="9.14" />
        </extensions>
      </trkpt>
      <trkpt lat="30.33075543" lon="76.41532237">
        <ele>200.32</ele>
        <time>2025-02-12T12:42:04Z</time>
        <extensions>
          <geotracker:meta c="4.6" s="9.74" />
        </extensions>
      </trkpt>
      <trkpt lat="30.33074394" lon="76.41521857">
        <ele>200.42</ele>
        <time>2025-02-12T12:42:05Z</time>
        <extensions>
          <geotracker:meta c="4.64" s="10.13" />
        </extensions>
      </trkpt>
      <trkpt lat="30.33073378" lon="76.41510819">
        <ele>200.56</ele>
        <time>2025-02-12T12:42:06Z</time>
        <extensions>
          <geotracker:meta c="4.66" s="10.54" />
        </extensions>
      </trkpt>
      <trkpt lat="30.33072215" lon="76.4149933">
        <ele>200.48</ele>
        <time>2025-02-12T12:42:07Z</time>
        <extensions>
          <geotracker:meta c="4.59" s="11" />
        </extensions>
      </trkpt>
      <trkpt lat="30.33071703" lon="76.41487544">
        <ele>200.67</ele>
        <time>2025-02-12T12:42:08Z</time>
        <extensions>
          <geotracker:meta c="4.6" s="11.36" />
        </extensions>
      </trkpt>
      <trkpt lat="30.33071626" lon="76.41475704">
        <ele>200.71</ele>
        <time>2025-02-12T12:42:09Z</time>
        <extensions>
          <geotracker:meta c="4.62" s="11.45" />
        </extensions>
      </trkpt>
      <trkpt lat="30.33072136" lon="76.41463382">
        <ele>200.92</ele>
        <time>2025-02-12T12:42:10Z</time>
        <extensions>
          <geotracker:meta c="4.7" s="11.78" />
        </extensions>
      </trkpt>
      <trkpt lat="30.33073518" lon="76.41450732">
        <ele>201.07</ele>
        <time>2025-02-12T12:42:11Z</time>
        <extensions>
          <geotracker:meta c="4.77" s="12.11" />
        </extensions>
      </trkpt>
      <trkpt lat="30.3307546" lon="76.41437861">
        <ele>201.18</ele>
        <time>2025-02-12T12:42:12Z</time>
        <extensions>
          <geotracker:meta c="4.66" s="12.41" />
        </extensions>
      </trkpt>
      <trkpt lat="30.33077206" lon="76.41425074">
        <ele>201.05</ele>
        <time>2025-02-12T12:42:13Z</time>
        <extensions>
          <geotracker:meta c="4.84" s="12.4" />
        </extensions>
      </trkpt>
      <trkpt lat="30.33078804" lon="76.41413704">
        <ele>201.15</ele>
        <time>2025-02-12T12:42:14Z</time>
        <extensions>
          <geotracker:meta c="4.86" s="11.19" />
        </extensions>
      </trkpt>
      <trkpt lat="30.33081299" lon="76.41397371">
        <ele>201.58</ele>
        <time>2025-02-12T12:42:16Z</time>
        <extensions>
          <geotracker:meta c="4.82" s="7.06" />
        </extensions>
      </trkpt>
      <trkpt lat="30.33083187" lon="76.41386265">
        <ele>201.55</ele>
        <time>2025-02-12T12:42:18Z</time>
        <extensions>
          <geotracker:meta c="4.41" s="5.27" />
        </extensions>
      </trkpt>
      <trkpt lat="30.33085072" lon="76.4137461">
        <ele>203.9</ele>
        <time>2025-02-12T12:42:21Z</time>
        <extensions>
          <geotracker:meta c="4.88" s="3.26" />
        </extensions>
      </trkpt>
      <trkpt lat="30.33088131" lon="76.41364748">
        <ele>204.21</ele>
        <time>2025-02-12T12:42:25Z</time>
        <extensions>
          <geotracker:meta c="4.97" s="2.28" />
        </extensions>
      </trkpt>
      <trkpt lat="30.33091451" lon="76.41353415">
        <ele>204.31</ele>
        <time>2025-02-12T12:42:29Z</time>
        <extensions>
          <geotracker:meta c="4.97" s="3.96" />
        </extensions>
      </trkpt>
      <trkpt lat="30.3309304" lon="76.41342729">
        <ele>203.93</ele>
        <time>2025-02-12T12:42:32Z</time>
        <extensions>
          <geotracker:meta c="4.89" s="3.99" />
        </extensions>
      </trkpt>
      <trkpt lat="30.33094988" lon="76.41331367">
        <ele>203.68</ele>
        <time>2025-02-12T12:42:34Z</time>
        <extensions>
          <geotracker:meta c="4.92" s="6.66" />
        </extensions>
      </trkpt>
    </trkseg>
  </trk>
</gpx>